id,field,raw,parsed,needs_review
NW-NIK-01,dates_valid,all window,{},
NW-NIK-01,bump_ok,3,3,
NW-NIK-01,effort,3,3,
NW-NIK-01,uniqueness,4,4,
NW-NIK-01,cost_pp_jpy,1600,1600,
NW-NIK-01,hours_needed,3,3,
NW-NIK-01,booking_lead,none,0,
NW-NIK-01,suits,all to gate; fit to tomb,her+parents+bros+pedro split,
NW-NIK-01,base,Nikkō,nikko,
NW-NIK-01,ny_match,Nikkō shrines (Tōshō-gū etc.),Nikkō Tōshōgū,
NW-NIK-01,ny_status,"open, packed 1–3 Jan",ooooooooo,
NW-NIK-02,dates_valid,all window,{},
NW-NIK-02,bump_ok,4,4,
NW-NIK-02,effort,2,2,
NW-NIK-02,uniqueness,3,3,
NW-NIK-02,cost_pp_jpy,0,0,
NW-NIK-02,hours_needed,1,1,
NW-NIK-02,booking_lead,none,0,
NW-NIK-02,suits,all,her+parents+bros+pedro,
NW-NIK-02,base,Nikkō,nikko,
NW-NIK-02,ny_match,Kanmangafuchi Abyss Jizō walk,(own text),
NW-NIK-02,ny_status,open,ooooooooo,
NW-NIK-03,dates_valid,all window,{},
NW-NIK-03,bump_ok,3,3,
NW-NIK-03,effort,2,2,
NW-NIK-03,uniqueness,3,3,
NW-NIK-03,cost_pp_jpy,570+bus,570,
NW-NIK-03,hours_needed,4,4,
NW-NIK-03,booking_lead,none,0,
NW-NIK-03,suits,all,her+parents+bros+pedro,
NW-NIK-03,base,Nikkō,nikko,
NW-NIK-03,ny_match,Lake Chūzenji & Kegon Falls (elevator),(own text),
NW-NIK-03,ny_status,open,ooooooooo,
NW-NIK-04,dates_valid,~25 Dec–Mar,"{""from"":""2026-12-25""}",
NW-NIK-04,bump_ok,1,1,
NW-NIK-04,effort,3,3,
NW-NIK-04,uniqueness,3,3,
NW-NIK-04,cost_pp_jpy,7000,7000,
NW-NIK-04,hours_needed,4,4,
NW-NIK-04,booking_lead,1–2 wk,14,
NW-NIK-04,suits,"parents, bro/SIL (split)",parents+bros split,
NW-NIK-04,base,Nikkō/Yumoto,nikko,
NW-NIK-04,ny_match,Senjōgahara snowshoe,"Jigokudani Snow Monkey Park / Zaō Ropeway (juhyō ""snow monsters"")",ambiguous closures match — add alias
NW-NIK-04,ny_match,Senjōgahara snowshoe,(own text),
NW-NIK-04,ny_status,some guides 2–3 Jan,rrrrrrrrr,
NW-NIK-05,dates_valid,all window,{},
NW-NIK-05,bump_ok,4,4,
NW-NIK-05,effort,1,1,
NW-NIK-05,uniqueness,3,3,
NW-NIK-05,cost_pp_jpy,1000,1000,
NW-NIK-05,hours_needed,2,2,
NW-NIK-05,booking_lead,none,0,
NW-NIK-05,suits,all (partner short),her+parents+bros+pedro split,
NW-NIK-05,base,Yumoto,nikko,
NW-NIK-05,ny_match,Yumoto Onsen sulphur baths,(own text),
NW-NIK-05,ny_status,open,ooooooooo,
NW-NIK-06,dates_valid,all window (closed Wed),"{""weekdays"":[0,1,2,4,5,6]}",
NW-NIK-06,bump_ok,4,4,
NW-NIK-06,effort,2,2,
NW-NIK-06,uniqueness,3,3,
NW-NIK-06,cost_pp_jpy,5800,5800,
NW-NIK-06,hours_needed,4,4,
NW-NIK-06,booking_lead,none,0,
NW-NIK-06,suits,all,her+parents+bros+pedro,
NW-NIK-06,base,Kinugawa,nikko,
NW-NIK-06,ny_match,Edo Wonderland Nikkō Edomura,(own text),
NW-NIK-06,ny_status,"open, short hours",rrcrrrrrr,
NW-NIK-07,dates_valid,all window,{},
NW-NIK-07,bump_ok,5,5,
NW-NIK-07,effort,1,1,
NW-NIK-07,uniqueness,3,3,
NW-NIK-07,cost_pp_jpy,30000,30000,
NW-NIK-07,hours_needed,overnight,overnight,
NW-NIK-07,booking_lead,3–6 mo,180,
NW-NIK-07,suits,all,her+parents+bros+pedro,
NW-NIK-07,base,Kinugawa,nikko,
NW-NIK-07,ny_match,Kinugawa riverside ryokan w/ private bath,(own text),
NW-NIK-07,ny_status,"2-night min, surcharge",ooooooooo,
NW-NIK-08,dates_valid,all window,{},
NW-NIK-08,bump_ok,5,5,
NW-NIK-08,effort,1,1,
NW-NIK-08,uniqueness,2,2,
NW-NIK-08,cost_pp_jpy,2000,2000,
NW-NIK-08,hours_needed,1,1,
NW-NIK-08,booking_lead,none,0,
NW-NIK-08,suits,all,her+parents+bros+pedro,
NW-NIK-08,base,Nikkō,nikko,
NW-NIK-08,ny_match,Yuba cuisine lunch,(own text),
NW-NIK-08,ny_status,mostly closed 31 Dec–2 Jan,rrrcccrrr,
NW-KUS-01,dates_valid,~22 Nov–23 Feb,{},
NW-KUS-01,bump_ok,5,5,
NW-KUS-01,effort,1,1,
NW-KUS-01,uniqueness,4,4,
NW-KUS-01,cost_pp_jpy,0,0,
NW-KUS-01,hours_needed,1,1,
NW-KUS-01,booking_lead,none,0,
NW-KUS-01,suits,all,her+parents+bros+pedro,
NW-KUS-01,base,Kusatsu,kusatsu,
NW-KUS-01,ny_match,Yubatake & illumination,(own text),
NW-KUS-01,ny_status,"on, busy",ooooooooo,
NW-KUS-02,dates_valid,daily,{},
NW-KUS-02,bump_ok,5,5,
NW-KUS-02,effort,1,1,
NW-KUS-02,uniqueness,3,3,
NW-KUS-02,cost_pp_jpy,700,700,
NW-KUS-02,hours_needed,0.5,0.5,
NW-KUS-02,booking_lead,none,0,
NW-KUS-02,suits,all,her+parents+bros+pedro,
NW-KUS-02,base,Kusatsu,kusatsu,
NW-KUS-02,ny_match,Yumomi performance,(own text),
NW-KUS-02,ny_status,runs NY,ooooooooo,
NW-KUS-03,dates_valid,all window,{},
NW-KUS-03,bump_ok,3,3,
NW-KUS-03,effort,2,2,
NW-KUS-03,uniqueness,3,3,
NW-KUS-03,cost_pp_jpy,800,800,
NW-KUS-03,hours_needed,1.5,1.5,
NW-KUS-03,booking_lead,none,0,
NW-KUS-03,suits,fit 4; partner feet,parents+bros split,
NW-KUS-03,base,Kusatsu,kusatsu,
NW-KUS-03,ny_match,Sainokawara open-air bath,(own text),
NW-KUS-03,ny_status,open,ooooooooo,
NW-KUS-04,dates_valid,all window,{},
NW-KUS-04,bump_ok,5,5,
NW-KUS-04,effort,1,1,
NW-KUS-04,uniqueness,3,3,
NW-KUS-04,cost_pp_jpy,35000,35000,
NW-KUS-04,hours_needed,overnight,overnight,
NW-KUS-04,booking_lead,6 mo,180,
NW-KUS-04,suits,all,her+parents+bros+pedro,
NW-KUS-04,base,Kusatsu,kusatsu,
NW-KUS-04,ny_match,Kusatsu ryokan kashikiri night,(own text),
NW-KUS-04,ny_status,"surcharge, 2-night min",ooooooooo,
NW-KUS-05,dates_valid,~mid Dec–Mar,{},
NW-KUS-05,bump_ok,n/a,1 (alt 4),
NW-KUS-05,effort,4,4,
NW-KUS-05,uniqueness,2,2,
NW-KUS-05,cost_pp_jpy,5500,5500,
NW-KUS-05,hours_needed,5,5,
NW-KUS-05,booking_lead,none,0,
NW-KUS-05,suits,bro/SIL (split),bros split,
NW-KUS-05,base,Kusatsu,kusatsu,
NW-KUS-05,ny_match,Kusatsu ski day,(own text),
NW-KUS-05,ny_status,open,ooooooooo,
NW-KUS-06,dates_valid,all window,{},
NW-KUS-06,bump_ok,4,4,
NW-KUS-06,effort,2,2,
NW-KUS-06,uniqueness,4,4,
NW-KUS-06,cost_pp_jpy,1500,1500,
NW-KUS-06,hours_needed,4,4,
NW-KUS-06,booking_lead,3 mo (stay),90,
NW-KUS-06,suits,all,her+parents+bros+pedro,
NW-KUS-06,base,Shima Onsen,kusatsu,
NW-KUS-06,ny_match,Sekizenkan historic bathhouse,(own text),
NW-KUS-06,ny_status,open,ooooooooo,
NW-KUS-07,dates_valid,all window,{},
NW-KUS-07,bump_ok,1,1,
NW-KUS-07,effort,3,3,
NW-KUS-07,uniqueness,2,2,
NW-KUS-07,cost_pp_jpy,0,0,
NW-KUS-07,hours_needed,2,2,
NW-KUS-07,booking_lead,none,0,
NW-KUS-07,suits,fit 4 only,parents+bros split,
NW-KUS-07,base,Ikaho,kusatsu,
NW-KUS-07,ny_match,Ikaho stone steps,(own text),
NW-KUS-07,ny_status,open,ooooooooo,
NW-KAR-01,dates_valid,1 Nov–31 Mar,{},
NW-KAR-01,bump_ok,n/a,1 (alt 4),
NW-KAR-01,effort,3,3,
NW-KAR-01,uniqueness,2,2,
NW-KAR-01,cost_pp_jpy,6500,6500,
NW-KAR-01,hours_needed,5,5,
NW-KAR-01,booking_lead,none,0,
NW-KAR-01,suits,bro/SIL/parents (split),parents+bros split,
NW-KAR-01,base,Karuizawa,karuizawa,
NW-KAR-01,ny_match,Karuizawa Prince ski & snow-play,(own text),
NW-KAR-01,ny_status,"open, busy",ooooooooo,
NW-KAR-02,dates_valid,~22 Nov–28 Feb,{},
NW-KAR-02,bump_ok,5,5,
NW-KAR-02,effort,1,1,
NW-KAR-02,uniqueness,2,2,
NW-KAR-02,cost_pp_jpy,0,0,
NW-KAR-02,hours_needed,1.5,1.5,
NW-KAR-02,booking_lead,none,0,
NW-KAR-02,suits,all,her+parents+bros+pedro,
NW-KAR-02,base,Karuizawa,karuizawa,
NW-KAR-02,ny_match,Karuizawa Winter Festival lights,(own text),
NW-KAR-02,ny_status,on,ooooooooo,
NW-KAR-03,dates_valid,all window,{},
NW-KAR-03,bump_ok,4,4,
NW-KAR-03,effort,1,1,
NW-KAR-03,uniqueness,2,2,
NW-KAR-03,cost_pp_jpy,1350,1350,
NW-KAR-03,hours_needed,4,4,
NW-KAR-03,booking_lead,none,0,
NW-KAR-03,suits,all,her+parents+bros+pedro,
NW-KAR-03,base,Karuizawa,karuizawa,
NW-KAR-03,ny_match,Harunire Terrace + Tombo-no-yu bath,(own text),
NW-KAR-03,ny_status,open,ooooooooo,
NW-KAR-04,dates_valid,all window,{},
NW-KAR-04,bump_ok,4,4,
NW-KAR-04,effort,2,2,
NW-KAR-04,uniqueness,2,2,
NW-KAR-04,cost_pp_jpy,0,0,
NW-KAR-04,hours_needed,2,2,
NW-KAR-04,booking_lead,none,0,
NW-KAR-04,suits,all,her+parents+bros+pedro,
NW-KAR-04,base,Karuizawa,karuizawa,
NW-KAR-04,ny_match,Shiraito Falls winter,(own text),
NW-KAR-04,ny_status,open,ooooooooo,
NW-NAG-01,dates_valid,all window (best cold days),{},
NW-NAG-01,bump_ok,2,2,
NW-NAG-01,effort,3,3,
NW-NAG-01,uniqueness,5,5,
NW-NAG-01,cost_pp_jpy,800,800,
NW-NAG-01,hours_needed,3,3,
NW-NAG-01,booking_lead,none,0,
NW-NAG-01,suits,fit 4; partner 2/5,parents+bros split,
NW-NAG-01,base,Nagano/Shibu,nagano+yudanaka,
NW-NAG-01,ny_match,Jigokudani snow monkeys,Jigokudani Snow Monkey Park,
NW-NAG-01,ny_status,"open, busiest",ooooooooo,
NW-NAG-02,dates_valid,daily,{},
NW-NAG-02,bump_ok,4,4,
NW-NAG-02,effort,1,1,
NW-NAG-02,uniqueness,4,4,
NW-NAG-02,cost_pp_jpy,600,600,
NW-NAG-02,hours_needed,1.5,1.5,
NW-NAG-02,booking_lead,none,0,
NW-NAG-02,suits,all,her+parents+bros+pedro,
NW-NAG-02,base,Nagano,nagano,
NW-NAG-02,ny_match,Zenkō-ji o-asaji & o-kaidan,Zenkō-ji (Nagano),
NW-NAG-02,ny_status,open; huge 1 Jan,oooreoooo,
NW-NAG-03,dates_valid,all window,{},
NW-NAG-03,bump_ok,3,3,
NW-NAG-03,effort,2,2,
NW-NAG-03,uniqueness,4,4,
NW-NAG-03,cost_pp_jpy,0,0,
NW-NAG-03,hours_needed,2,2,
NW-NAG-03,booking_lead,ryokan stay,null,
NW-NAG-03,suits,fit 4; partner foot bath,parents+bros split,
NW-NAG-03,base,Shibu,yudanaka,
NW-NAG-03,ny_match,Shibu Onsen nine-bath walk,(own text),
NW-NAG-03,ny_status,open,ooooooooo,
NW-NAG-04,dates_valid,28 Nov–5 May,{},
NW-NAG-04,bump_ok,n/a,1 (alt 4),
NW-NAG-04,effort,4,4,
NW-NAG-04,uniqueness,4,4,
NW-NAG-04,cost_pp_jpy,7500,7500,
NW-NAG-04,hours_needed,6,6,
NW-NAG-04,booking_lead,lift none; rentals 1 wk,7,
NW-NAG-04,suits,bro/SIL/parents (split),parents+bros split,
NW-NAG-04,base,Nozawa,nozawa,
NW-NAG-04,ny_match,Nozawa Onsen ski day,Hakuba (Happo-one) & Nozawa Onsen lifts,
NW-NAG-04,ny_status,"open, busy",ooooooooo,
NW-NAG-05,dates_valid,all window,{},
NW-NAG-05,bump_ok,2,2,
NW-NAG-05,effort,2,2,
NW-NAG-05,uniqueness,4,4,
NW-NAG-05,cost_pp_jpy,0,0,
NW-NAG-05,hours_needed,2,2,
NW-NAG-05,booking_lead,none,0,
NW-NAG-05,suits,fit 4; partner foot bath,parents+bros split,
NW-NAG-05,base,Nozawa,nozawa,
NW-NAG-05,ny_match,Nozawa free village bathhouses,Hakuba (Happo-one) & Nozawa Onsen lifts,
NW-NAG-05,ny_status,open,ooooooooo,
NW-NAG-06,dates_valid,~20 Dec–Mar,{},
NW-NAG-06,bump_ok,3,3,
NW-NAG-06,effort,2,2,
NW-NAG-06,uniqueness,3,3,
NW-NAG-06,cost_pp_jpy,6000,6000,
NW-NAG-06,hours_needed,2.5,2.5,
NW-NAG-06,booking_lead,1 wk,7,
NW-NAG-06,suits,parents (+partner 3/5),parents split,
NW-NAG-06,base,Nozawa,nozawa,
NW-NAG-06,ny_match,Nozawa snowshoe tour,"Jigokudani Snow Monkey Park / Hakuba (Happo-one) & Nozawa Onsen lifts / Zaō Ropeway (juhyō ""snow monsters"")",ambiguous closures match — add alias
NW-NAG-06,ny_match,Nozawa snowshoe tour,(own text),
NW-NAG-06,ny_status,runs,ooooooooo,
NW-NAG-07,dates_valid,all window,{},
NW-NAG-07,bump_ok,3,3,
NW-NAG-07,effort,1,1,
NW-NAG-07,uniqueness,5,5,
NW-NAG-07,cost_pp_jpy,38000,38000,
NW-NAG-07,hours_needed,overnight,overnight,
NW-NAG-07,booking_lead,12 mo,360,
NW-NAG-07,suits,all,her+parents+bros+pedro,
NW-NAG-07,base,Shibu,yudanaka,
NW-NAG-07,ny_match,Kanaguya ryokan night,(own text),
NW-NAG-07,ny_status,sold out NY,rrrrrrrrr,
NW-NAG-08,dates_valid,~early Dec–Apr,{},
NW-NAG-08,bump_ok,n/a,1 (alt 4),
NW-NAG-08,effort,4,4,
NW-NAG-08,uniqueness,4,4,
NW-NAG-08,cost_pp_jpy,7500,7500,
NW-NAG-08,hours_needed,9,9,
NW-NAG-08,booking_lead,bus reserve 1 mo,30,
NW-NAG-08,suits,bro/SIL (split),bros split,
NW-NAG-08,base,Nagano (day),nagano,
NW-NAG-08,ny_match,Hakuba Happō-one ski day,Hakuba (Happo-one) & Nozawa Onsen lifts,
NW-NAG-08,ny_status,open,ooooooooo,
NW-NAG-09,dates_valid,~mid Dec–Apr,{},
NW-NAG-09,bump_ok,4,4,
NW-NAG-09,effort,2,2,
NW-NAG-09,uniqueness,3,3,
NW-NAG-09,cost_pp_jpy,3000–8000,3000,
NW-NAG-09,hours_needed,day/overnight,overnight,
NW-NAG-09,booking_lead,3 mo,90,
NW-NAG-09,suits,all (split by activity),her+parents+bros+pedro split,
NW-NAG-09,base,Myōkō,nagano,
NW-NAG-09,ny_match,Lotte/Arai resort all-weather day,"Takashimaya (all stores), Matsuya Ginza, GINZA SIX, Hankyu/Hanshin Umeda / Tokyo Disney Resort",ambiguous closures match — add alias
NW-NAG-09,ny_match,Lotte/Arai resort all-weather day,(own text),
NW-NAG-09,ny_status,open,ooooooooo,
NW-NAG-10,dates_valid,all window,{},
NW-NAG-10,bump_ok,2,2,
NW-NAG-10,effort,3,3,
NW-NAG-10,uniqueness,4,4,
NW-NAG-10,cost_pp_jpy,0,0,
NW-NAG-10,hours_needed,5,5,
NW-NAG-10,booking_lead,none,0,
NW-NAG-10,suits,fit 4,parents+bros split,
NW-NAG-10,base,Nagano,nagano,
NW-NAG-10,ny_match,Togakushi Okusha cedar avenue,(own text),
NW-NAG-10,ny_status,open; soba from 2 Jan,ooooooooo,
NW-NAG-11,dates_valid,all window,{},
NW-NAG-11,bump_ok,5,5,
NW-NAG-11,effort,1,1,
NW-NAG-11,uniqueness,2,2,
NW-NAG-11,cost_pp_jpy,1500,1500,
NW-NAG-11,hours_needed,1,1,
NW-NAG-11,booking_lead,none,0,
NW-NAG-11,suits,all,her+parents+bros+pedro,
NW-NAG-11,base,Nagano,nagano,
NW-NAG-11,ny_match,Togakushi/Nagano soba lunch,(own text),
NW-NAG-11,ny_status,many closed 31 Dec–1 Jan,rrrccrrrr,
NW-NAG-12,dates_valid,daily,{},
NW-NAG-12,bump_ok,5,5,
NW-NAG-12,effort,1,1,
NW-NAG-12,uniqueness,2,2,
NW-NAG-12,cost_pp_jpy,1300,1300,
NW-NAG-12,hours_needed,0.8,0.8,
NW-NAG-12,booking_lead,none,0,
NW-NAG-12,suits,all,her+parents+bros+pedro,
NW-NAG-12,base,Nagano,nagano,
NW-NAG-12,ny_match,Nagaden Snow Monkey express,(own text),
NW-NAG-12,ny_status,runs,ooooooooo,
NW-MAT-01,dates_valid,not 29–31 Dec; 1–3 Jan 10–15:30,"{""only"":[""2027-01-01"",""2027-01-02"",""2027-01-03""],""closed"":[""2026-12-29"",""2026-12-30"",""2026-12-31""]}",
NW-MAT-01,bump_ok,4 (grounds),4,
NW-MAT-01,effort,3 (keep),3,
NW-MAT-01,uniqueness,4,4,
NW-MAT-01,cost_pp_jpy,700,700,
NW-MAT-01,hours_needed,1.5,1.5,
NW-MAT-01,booking_lead,none,0,
NW-MAT-01,suits,all grounds; fit keep,her+parents+bros+pedro split,
NW-MAT-01,base,Matsumoto,matsumoto,
NW-MAT-01,ny_match,Matsumoto Castle,Matsumoto Castle,
NW-MAT-01,ny_status,reduced,ccccrrrcc,
NW-MAT-02,dates_valid,all window,{},
NW-MAT-02,bump_ok,5,5,
NW-MAT-02,effort,1,1,
NW-MAT-02,uniqueness,2,2,
NW-MAT-02,cost_pp_jpy,0,0,
NW-MAT-02,hours_needed,1,1,
NW-MAT-02,booking_lead,none,0,
NW-MAT-02,suits,all,her+parents+bros+pedro,
NW-MAT-02,base,Matsumoto,matsumoto,
NW-MAT-02,ny_match,Nakamachi & Nawate streets,(own text),
NW-MAT-02,ny_status,shops closed 1–3 Jan,oooocccoo,
NW-MAT-03,dates_valid,all window,{},
NW-MAT-03,bump_ok,3,3,
NW-MAT-03,effort,2,2,
NW-MAT-03,uniqueness,3,3,
NW-MAT-03,cost_pp_jpy,1000,1000,
NW-MAT-03,hours_needed,5,5,
NW-MAT-03,booking_lead,3 mo stay,90,
NW-MAT-03,suits,all (partner short),her+parents+bros+pedro split,
NW-MAT-03,base,Shirahone,matsumoto,
NW-MAT-03,ny_match,Shirahone milky baths,(own text),
NW-MAT-03,ny_status,open,ooooooooo,
NW-MAT-04,dates_valid,not 29 Dec–3 Jan,"{""closed"":[""2026-12-29"",""2026-12-30"",""2026-12-31"",""2027-01-01"",""2027-01-02"",""2027-01-03""]}",
NW-MAT-04,bump_ok,5,5,
NW-MAT-04,effort,1,1,
NW-MAT-04,uniqueness,2,2,
NW-MAT-04,cost_pp_jpy,410,410,
NW-MAT-04,hours_needed,1,1,
NW-MAT-04,booking_lead,none,0,
NW-MAT-04,suits,all,her+parents+bros+pedro,
NW-MAT-04,base,Matsumoto,matsumoto,
NW-MAT-04,ny_match,Matsumoto City Museum of Art,(own text),
NW-MAT-04,ny_status,closed NY,occccccoo,
NW-TAK-01,dates_valid,all window,{},
NW-TAK-01,bump_ok,4,4,
NW-TAK-01,effort,2,2,
NW-TAK-01,uniqueness,5,5,
NW-TAK-01,cost_pp_jpy,400+bus,400,
NW-TAK-01,hours_needed,4,4,
NW-TAK-01,booking_lead,bus 1 mo,30,
NW-TAK-01,suits,all,her+parents+bros+pedro,
NW-TAK-01,base,Takayama/Kanazawa,takayama+kanazawa+shirakawago,
NW-TAK-01,ny_match,Shirakawa-gō daytime,Shirakawa-gō village & Wada House,
NW-TAK-01,ny_status,"open, busy",ooouuoooo,
NW-TAK-02,dates_valid,all window,{},
NW-TAK-02,bump_ok,3,3,
NW-TAK-02,effort,1,1,
NW-TAK-02,uniqueness,5,5,
NW-TAK-02,cost_pp_jpy,15000,15000,
NW-TAK-02,hours_needed,overnight,overnight,
NW-TAK-02,booking_lead,6–12 mo,360,
NW-TAK-02,suits,all,her+parents+bros+pedro,
NW-TAK-02,base,Shirakawa-gō,shirakawago,
NW-TAK-02,ny_match,Gasshō farmhouse overnight,(own text),
NW-TAK-02,ny_status,sold out NY,rrrrrrrrr,
NW-TAK-03,dates_valid,daily,{},
NW-TAK-03,bump_ok,5,5,
NW-TAK-03,effort,1,1,
NW-TAK-03,uniqueness,3,3,
NW-TAK-03,cost_pp_jpy,0,0,
NW-TAK-03,hours_needed,1,1,
NW-TAK-03,booking_lead,none,0,
NW-TAK-03,suits,all,her+parents+bros+pedro,
NW-TAK-03,base,Takayama,takayama,
NW-TAK-03,ny_match,Takayama morning markets,"Takayama morning markets (Miyagawa, Jinya-mae)",
NW-TAK-03,ny_status,open (reduced 1 Jan),oooorrroo,
NW-TAK-04,dates_valid,all window,{},
NW-TAK-04,bump_ok,5,5,
NW-TAK-04,effort,1,1,
NW-TAK-04,uniqueness,3,3,
NW-TAK-04,cost_pp_jpy,500,500,
NW-TAK-04,hours_needed,2,2,
NW-TAK-04,booking_lead,none,0,
NW-TAK-04,suits,all,her+parents+bros+pedro,
NW-TAK-04,base,Takayama,takayama,
NW-TAK-04,ny_match,Sanmachi streets & sake breweries,(own text),
NW-TAK-04,ny_status,many closed 1–2 Jan,rrrrccrrr,
NW-TAK-05,dates_valid,all window,{},
NW-TAK-05,bump_ok,5,5,
NW-TAK-05,effort,1,1,
NW-TAK-05,uniqueness,3,3,
NW-TAK-05,cost_pp_jpy,6000,6000,
NW-TAK-05,hours_needed,1.5,1.5,
NW-TAK-05,booking_lead,1–2 wk,14,
NW-TAK-05,suits,all,her+parents+bros+pedro,
NW-TAK-05,base,Takayama,takayama,
NW-TAK-05,ny_match,Hida beef dinner,(own text),
NW-TAK-05,ny_status,several open NY,ooooooooo,
NW-TAK-06,dates_valid,not 29 Dec–3 Jan,"{""closed"":[""2026-12-29"",""2026-12-30"",""2026-12-31"",""2027-01-01"",""2027-01-02"",""2027-01-03""]}",
NW-TAK-06,bump_ok,4,4,
NW-TAK-06,effort,1,1,
NW-TAK-06,uniqueness,3,3,
NW-TAK-06,cost_pp_jpy,440,440,
NW-TAK-06,hours_needed,1,1,
NW-TAK-06,booking_lead,none,0,
NW-TAK-06,suits,all,her+parents+bros+pedro,
NW-TAK-06,base,Takayama,takayama,
NW-TAK-06,ny_match,Takayama Jinya,(own text),
NW-TAK-06,ny_status,closed NY,occccccoo,
NW-TAK-07,dates_valid,all window,{},
NW-TAK-07,bump_ok,2,2,
NW-TAK-07,effort,2,2,
NW-TAK-07,uniqueness,3,3,
NW-TAK-07,cost_pp_jpy,700,700,
NW-TAK-07,hours_needed,2,2,
NW-TAK-07,booking_lead,none,0,
NW-TAK-07,suits,all (icy slopes),her+parents+bros+pedro,
NW-TAK-07,base,Takayama,takayama,
NW-TAK-07,ny_match,Hida Folk Village,(own text),
NW-TAK-07,ny_status,open,ooooooooo,
NW-TAK-08,dates_valid,all window (weather),{},
NW-TAK-08,bump_ok,4,4,
NW-TAK-08,effort,1,1,
NW-TAK-08,uniqueness,4,4,
NW-TAK-08,cost_pp_jpy,3800,3800,
NW-TAK-08,hours_needed,5,5,
NW-TAK-08,booking_lead,none,0,
NW-TAK-08,suits,all,her+parents+bros+pedro,
NW-TAK-08,base,Takayama/Hirayu,takayama,
NW-TAK-08,ny_match,Shin-Hotaka ropeway,"Shinjuku Gyoen / Department stores (Tokyo) — Isetan Shinjuku, Mitsukoshi (Ginza/Nihombashi), Seibu/Sogo, Parco",ambiguous closures match — add alias
NW-TAK-08,ny_match,Shin-Hotaka ropeway,(own text),
NW-TAK-08,ny_status,open,ooooooooo,
NW-TAK-09,dates_valid,all window,{},
NW-TAK-09,bump_ok,3,3,
NW-TAK-09,effort,2,2,
NW-TAK-09,uniqueness,4,4,
NW-TAK-09,cost_pp_jpy,500,500,
NW-TAK-09,hours_needed,3,3,
NW-TAK-09,booking_lead,bus 1 mo,30,
NW-TAK-09,suits,all,her+parents+bros+pedro,
NW-TAK-09,base,Shirakawa-gō/Takaoka,shirakawago+kanazawa,
NW-TAK-09,ny_match,Gokayama Ainokura,Gokayama — Ainokura,
NW-TAK-09,ny_status,open,ooorroooo,
NW-TAK-10,dates_valid,all window,{},
NW-TAK-10,bump_ok,5,5,
NW-TAK-10,effort,1,1,
NW-TAK-10,uniqueness,3,3,
NW-TAK-10,cost_pp_jpy,0,0,
NW-TAK-10,hours_needed,2,2,
NW-TAK-10,booking_lead,none,0,
NW-TAK-10,suits,all,her+parents+bros+pedro,
NW-TAK-10,base,Takayama,takayama,
NW-TAK-10,ny_match,Hida-Furukawa canal town,(own text),
NW-TAK-10,ny_status,open,ooooooooo,
NW-KAN-01,dates_valid,all window,{},
NW-KAN-01,bump_ok,5,5,
NW-KAN-01,effort,1,1,
NW-KAN-01,uniqueness,5,5,
NW-KAN-01,cost_pp_jpy,320,320,
NW-KAN-01,hours_needed,1.5,1.5,
NW-KAN-01,booking_lead,none,0,
NW-KAN-01,suits,all,her+parents+bros+pedro,
NW-KAN-01,base,Kanazawa,kanazawa,
NW-KAN-01,ny_match,Kenroku-en with snow ropes,Kenrokuen (Kanazawa),
NW-KAN-01,ny_status,open; free NY night,oooeooooo,
NW-KAN-02,dates_valid,not 1–4 Jan,"{""closed"":[""2027-01-01"",""2027-01-02"",""2027-01-03"",""2027-01-04""]}",
NW-KAN-02,bump_ok,5,5,
NW-KAN-02,effort,1,1,
NW-KAN-02,uniqueness,4,4,
NW-KAN-02,cost_pp_jpy,3500,3500,
NW-KAN-02,hours_needed,1.5,1.5,
NW-KAN-02,booking_lead,none,0,
NW-KAN-02,suits,all,her+parents+bros+pedro,
NW-KAN-02,base,Kanazawa,kanazawa,
NW-KAN-02,ny_match,Ōmichō market crab lunch,Ōmichō Market,
NW-KAN-02,ny_status,closed 1–4 Jan,ooorcccce,
NW-KAN-03,dates_valid,all window,{},
NW-KAN-03,bump_ok,5,5,
NW-KAN-03,effort,1,1,
NW-KAN-03,uniqueness,3,3,
NW-KAN-03,cost_pp_jpy,1500,1500,
NW-KAN-03,hours_needed,2,2,
NW-KAN-03,booking_lead,class 1 wk,7,
NW-KAN-03,suits,all,her+parents+bros+pedro,
NW-KAN-03,base,Kanazawa,kanazawa,
NW-KAN-03,ny_match,Higashi Chaya + gold-leaf class,Higashi Chaya district,
NW-KAN-03,ny_status,partly closed 29 Dec–3 Jan,ooorrrooo,
NW-KAN-04,dates_valid,all window,{},
NW-KAN-04,bump_ok,5,5,
NW-KAN-04,effort,1,1,
NW-KAN-04,uniqueness,3,3,
NW-KAN-04,cost_pp_jpy,550,550,
NW-KAN-04,hours_needed,1,1,
NW-KAN-04,booking_lead,none,0,
NW-KAN-04,suits,all,her+parents+bros+pedro,
NW-KAN-04,base,Kanazawa,kanazawa,
NW-KAN-04,ny_match,Nagamachi samurai district,(own text),
NW-KAN-04,ny_status,Nomura closed 26 Dec–2 Jan,ccccccooo,
NW-KAN-05,dates_valid,not 29 Dec–3 Jan,"{""closed"":[""2026-12-29"",""2026-12-30"",""2026-12-31"",""2027-01-01"",""2027-01-02"",""2027-01-03""]}",
NW-KAN-05,bump_ok,5,5,
NW-KAN-05,effort,1,1,
NW-KAN-05,uniqueness,3,3,
NW-KAN-05,cost_pp_jpy,1200,1200,
NW-KAN-05,hours_needed,1.5,1.5,
NW-KAN-05,booking_lead,timed ticket,7,
NW-KAN-05,suits,all,her+parents+bros+pedro,
NW-KAN-05,base,Kanazawa,kanazawa,
NW-KAN-05,ny_match,21st Century Museum,21st Century Museum of Contemporary Art,
NW-KAN-05,ny_status,closed NY,occccccco,
NW-KAN-06,dates_valid,late Nov–Feb (declaration varies),{},
NW-KAN-06,bump_ok,4,4,
NW-KAN-06,effort,1,1,
NW-KAN-06,uniqueness,4,4,
NW-KAN-06,cost_pp_jpy,4000,4000,
NW-KAN-06,hours_needed,5,5,
NW-KAN-06,booking_lead,none,0,
NW-KAN-06,suits,all,her+parents+bros+pedro,
NW-KAN-06,base,Toyama/Kanazawa,toyama+kanazawa,
NW-KAN-06,ny_match,Himi winter yellowtail at Banya-gai,(own text),
NW-KAN-06,ny_status,closed 1 Jan (verify),oooocoooo,
NW-KAN-07,dates_valid,not 29 Dec–3 Jan,"{""closed"":[""2026-12-29"",""2026-12-30"",""2026-12-31"",""2027-01-01"",""2027-01-02"",""2027-01-03""]}",
NW-KAN-07,bump_ok,5,5,
NW-KAN-07,effort,1,1,
NW-KAN-07,uniqueness,2,2,
NW-KAN-07,cost_pp_jpy,3000,3000,
NW-KAN-07,hours_needed,4,4,
NW-KAN-07,booking_lead,none,0,
NW-KAN-07,suits,all,her+parents+bros+pedro,
NW-KAN-07,base,Toyama,toyama,
NW-KAN-07,ny_match,Toyama Glass Museum + bay sushi,(own text),
NW-KAN-07,ny_status,museum closed NY,occccccoo,
NW-KAN-08,dates_valid,all window,{},
NW-KAN-08,bump_ok,3,3,
NW-KAN-08,effort,3,3,
NW-KAN-08,uniqueness,4,4,
NW-KAN-08,cost_pp_jpy,700,700,
NW-KAN-08,hours_needed,2,2,
NW-KAN-08,booking_lead,none,0,
NW-KAN-08,suits,all (partner lower halls),her+parents+bros+pedro split,
NW-KAN-08,base,Fukui/Awara,fukui,
NW-KAN-08,ny_match,Eihei-ji monastery,(own text),
NW-KAN-08,ny_status,open,ooooooooo,
NW-KAN-09,dates_valid,6 Nov–20 Mar (female to 31 Dec),{},
NW-KAN-09,bump_ok,5,5,
NW-KAN-09,effort,1,1,
NW-KAN-09,uniqueness,4,4,
NW-KAN-09,cost_pp_jpy,30000,30000,
NW-KAN-09,hours_needed,2,2,
NW-KAN-09,booking_lead,1–3 mo,90,
NW-KAN-09,suits,all,her+parents+bros+pedro,
NW-KAN-09,base,Awara/Mikuni,fukui,
NW-KAN-09,ny_match,Echizen crab kaiseki,(own text),
NW-KAN-09,ny_status,many open NY (premium),ooooooooo,
NW-KAN-10,dates_valid,not 29 Dec–2 Jan,"{""closed"":[""2026-12-29"",""2026-12-30"",""2026-12-31"",""2027-01-01"",""2027-01-02""]}",
NW-KAN-10,bump_ok,5,5,
NW-KAN-10,effort,1,1,
NW-KAN-10,uniqueness,3,3,
NW-KAN-10,cost_pp_jpy,1000,1000,
NW-KAN-10,hours_needed,3,3,
NW-KAN-10,booking_lead,timed ticket,7,
NW-KAN-10,suits,all,her+parents+bros+pedro,
NW-KAN-10,base,Fukui,fukui,
NW-KAN-10,ny_match,Fukui Dinosaur Museum,(own text),
NW-KAN-10,ny_status,closed NY,occccccoo,
NW-KAN-11,dates_valid,all window,{},
NW-KAN-11,bump_ok,2,2,
NW-KAN-11,effort,2,2,
NW-KAN-11,uniqueness,3,3,
NW-KAN-11,cost_pp_jpy,2000,2000,
NW-KAN-11,hours_needed,10,10,
NW-KAN-11,booking_lead,bus 1 mo,30,
NW-KAN-11,suits,fit 4 (long day),parents+bros split,
NW-KAN-11,base,Kanazawa,kanazawa,
NW-KAN-11,ny_match,Noto support day (Wakura/Wajima/Senmaida),(own text),
NW-KAN-11,ny_status,partial,rrrrrrrrr,
NW-KAN-12,dates_valid,Fri/Sat/hol evenings,"{""weekdays"":[5,6]}",dates: holiday evenings too (check which nights)
NW-KAN-12,bump_ok,5,5,
NW-KAN-12,effort,1,1,
NW-KAN-12,uniqueness,3,3,
NW-KAN-12,cost_pp_jpy,0,0,
NW-KAN-12,hours_needed,1,1,
NW-KAN-12,booking_lead,none,0,
NW-KAN-12,suits,all,her+parents+bros+pedro,
NW-KAN-12,base,Kanazawa,kanazawa,
NW-KAN-12,ny_match,Kanazawa Castle park & garden light-up,Kenrokuen (Kanazawa),
NW-KAN-12,ny_status,check holiday nights,ccccooccc,
NW-TOH-01,dates_valid,4–27 Dec 2026,"{""to"":""2026-12-27""}",
NW-TOH-01,bump_ok,5,5,
NW-TOH-01,effort,1,1,
NW-TOH-01,uniqueness,3,3,
NW-TOH-01,cost_pp_jpy,0,0,
NW-TOH-01,hours_needed,1,1,
NW-TOH-01,booking_lead,none,0,
NW-TOH-01,suits,all,her+parents+bros+pedro,
NW-TOH-01,base,Sendai,sendai,
NW-TOH-01,ny_match,Sendai Pageant of Starlight,(own text),
NW-TOH-01,ny_status,ends 27 Dec,ccccccccc,
NW-TOH-02,dates_valid,all window,{},
NW-TOH-02,bump_ok,5,5,
NW-TOH-02,effort,1,1,
NW-TOH-02,uniqueness,2,2,
NW-TOH-02,cost_pp_jpy,2500,2500,
NW-TOH-02,hours_needed,1,1,
NW-TOH-02,booking_lead,none,0,
NW-TOH-02,suits,all,her+parents+bros+pedro,
NW-TOH-02,base,Sendai,sendai,
NW-TOH-02,ny_match,Sendai beef-tongue dinner,(own text),
NW-TOH-02,ny_status,most open,ooooooooo,
NW-TOH-03,dates_valid,daily,{},
NW-TOH-03,bump_ok,5,5,
NW-TOH-03,effort,1,1,
NW-TOH-03,uniqueness,3,3,
NW-TOH-03,cost_pp_jpy,2200,2200,
NW-TOH-03,hours_needed,4,4,
NW-TOH-03,booking_lead,none,0,
NW-TOH-03,suits,all,her+parents+bros+pedro,
NW-TOH-03,base,Sendai,sendai,
NW-TOH-03,ny_match,Matsushima cruise & Zuigan-ji,Matsushima bay cruise,
NW-TOH-03,ny_status,open,ooooeoooo,
NW-TOH-04,dates_valid,8:30–15:00 winter,{},
NW-TOH-04,bump_ok,1,1,
NW-TOH-04,effort,4,4,
NW-TOH-04,uniqueness,4,4,
NW-TOH-04,cost_pp_jpy,300,300,
NW-TOH-04,hours_needed,2.5,2.5,
NW-TOH-04,booking_lead,none,0,
NW-TOH-04,suits,fit 4 only,parents+bros split,
NW-TOH-04,base,Sendai/Yamagata,sendai+yamagata,
NW-TOH-04,ny_match,"Yamadera 1,015 steps",Yamadera (Risshaku-ji),
NW-TOH-04,ny_status,open,ooooooooo,
NW-TOH-05,dates_valid,light-up from ~27 Dec (TBC),"{""from"":""2026-12-27""}",dates: TBC
NW-TOH-05,bump_ok,4,4,
NW-TOH-05,effort,1,1,
NW-TOH-05,uniqueness,4 (3 in Dec),4,
NW-TOH-05,cost_pp_jpy,4400,4400,
NW-TOH-05,hours_needed,3,3,
NW-TOH-05,booking_lead,none (special fare),0,
NW-TOH-05,suits,all,her+parents+bros+pedro,
NW-TOH-05,base,Zaō/Yamagata,zao+yamagata,
NW-TOH-05,ny_match,Zaō ropeway & juhyō light-up,"Zaō Ropeway (juhyō ""snow monsters"")",
NW-TOH-05,ny_status,runs 29 Dec–1 Jan,ooooooooo,
NW-TOH-06,dates_valid,all window,{},
NW-TOH-06,bump_ok,3,3,
NW-TOH-06,effort,1,1,
NW-TOH-06,uniqueness,3,3,
NW-TOH-06,cost_pp_jpy,800,800,
NW-TOH-06,hours_needed,1.5,1.5,
NW-TOH-06,booking_lead,none,0,
NW-TOH-06,suits,fit 4; partner short,parents+bros split,
NW-TOH-06,base,Zaō,zao,
NW-TOH-06,ny_match,Zaō Onsen acidic baths,(own text),
NW-TOH-06,ny_status,open,ooooooooo,
NW-TOH-07,dates_valid,~mid Dec–Apr,{},
NW-TOH-07,bump_ok,n/a,1 (alt 4),
NW-TOH-07,effort,4,4,
NW-TOH-07,uniqueness,4,4,
NW-TOH-07,cost_pp_jpy,6500,6500,
NW-TOH-07,hours_needed,6,6,
NW-TOH-07,booking_lead,none,0,
NW-TOH-07,suits,bro/SIL/parents (split),parents+bros split,
NW-TOH-07,base,Zaō,zao,
NW-TOH-07,ny_match,Zaō ski day,"Zaō Ropeway (juhyō ""snow monsters"")",
NW-TOH-07,ny_status,open,ooooooooo,
NW-TOH-08,dates_valid,20 Dec–1 Mar rules,{},
NW-TOH-08,bump_ok,3,3,
NW-TOH-08,effort,2,2,
NW-TOH-08,uniqueness,4,4,
NW-TOH-08,cost_pp_jpy,0,0,
NW-TOH-08,hours_needed,5,5,
NW-TOH-08,booking_lead,shuttle none,0,
NW-TOH-08,suits,all,her+parents+bros+pedro,
NW-TOH-08,base,Yamagata/Sendai,yamagata+sendai,
NW-TOH-08,ny_match,Ginzan Onsen daytime (9–16),Ginzan Onsen,
NW-TOH-08,ny_status,open,ooooooooo,
NW-TOH-09,dates_valid,20 Dec–1 Mar (TBC 26–27),{},dates: TBC 26–27
NW-TOH-09,bump_ok,3,3,
NW-TOH-09,effort,2,2,
NW-TOH-09,uniqueness,5,5,
NW-TOH-09,cost_pp_jpy,1150,1150,
NW-TOH-09,hours_needed,4,4,
NW-TOH-09,booking_lead,book ~Nov; sells out,30,
NW-TOH-09,suits,all,her+parents+bros+pedro,
NW-TOH-09,base,Yamagata,yamagata,
NW-TOH-09,ny_match,Ginzan evening ticket (17–20),Ginzan Onsen,
NW-TOH-09,ny_status,capped,ooooooooo,
NW-TOH-10,dates_valid,all window,{},
NW-TOH-10,bump_ok,3,3,
NW-TOH-10,effort,1,1,
NW-TOH-10,uniqueness,5,5,
NW-TOH-10,cost_pp_jpy,35000,35000,
NW-TOH-10,hours_needed,overnight,overnight,
NW-TOH-10,booking_lead,6–12 mo,360,
NW-TOH-10,suits,all,her+parents+bros+pedro,
NW-TOH-10,base,Ginzan,ginzan,
NW-TOH-10,ny_match,Ginzan overnight (Ginzanso/2 rooms),Ginzan Onsen,
NW-TOH-10,ny_status,sold out NY,ooooooooo,
NW-TOH-11,dates_valid,all window,{},
NW-TOH-11,bump_ok,5,5,
NW-TOH-11,effort,1,1,
NW-TOH-11,uniqueness,3,3,
NW-TOH-11,cost_pp_jpy,6000,6000,
NW-TOH-11,hours_needed,1.5,1.5,
NW-TOH-11,booking_lead,1 wk,7,
NW-TOH-11,suits,all,her+parents+bros+pedro,
NW-TOH-11,base,en route,yamagata,
NW-TOH-11,ny_match,Yonezawa beef sukiyaki,(own text),
NW-TOH-11,ny_status,closed 31 Dec–2 Jan mostly,ooocccooo,
NW-TOH-12,dates_valid,all window (festival Feb — out),{},
NW-TOH-12,bump_ok,4,4,
NW-TOH-12,effort,2,2,
NW-TOH-12,uniqueness,4,4,
NW-TOH-12,cost_pp_jpy,1300,1300,
NW-TOH-12,hours_needed,3,3,
NW-TOH-12,booking_lead,taxi/none,0,
NW-TOH-12,suits,all (viewpoint fit),her+parents+bros+pedro split,
NW-TOH-12,base,Aizu-Wakamatsu,aizu,
NW-TOH-12,ny_match,Ōuchi-juku post town,(own text),
NW-TOH-12,ny_status,"open, reduced",rrrrrrrrr,
NW-TOH-13,dates_valid,all window,{},
NW-TOH-13,bump_ok,4,4,
NW-TOH-13,effort,2,2,
NW-TOH-13,uniqueness,3,3,
NW-TOH-13,cost_pp_jpy,410,410,
NW-TOH-13,hours_needed,3,3,
NW-TOH-13,booking_lead,3 mo ryokan,90,
NW-TOH-13,suits,all grounds,her+parents+bros+pedro,
NW-TOH-13,base,Aizu-Wakamatsu,aizu,
NW-TOH-13,ny_match,Tsuruga Castle & Higashiyama Onsen,(own text),
NW-TOH-13,ny_status,open (verify),ooooooooo,
NW-TOH-14,dates_valid,daily,{},
NW-TOH-14,bump_ok,4,4,
NW-TOH-14,effort,1,1,
NW-TOH-14,uniqueness,2,2,
NW-TOH-14,cost_pp_jpy,4500,4500,
NW-TOH-14,hours_needed,3.2,3.2,
NW-TOH-14,booking_lead,1 mo,30,
NW-TOH-14,suits,all,her+parents+bros+pedro,
NW-TOH-14,base,—,nikko+aizu,
NW-TOH-14,ny_match,Tōbu Revaty to Aizu,(own text),
NW-TOH-14,ny_status,"runs, busy",ooooooooo,
NW-TON-01,dates_valid,all window,{},
NW-TON-01,bump_ok,2,2,
NW-TON-01,effort,2,2,
NW-TON-01,uniqueness,5,5,
NW-TON-01,cost_pp_jpy,700 / 20000,700,
NW-TON-01,hours_needed,3 / overnight,overnight,
NW-TON-01,booking_lead,6 mo to the day,180,
NW-TON-01,suits,fit 4; partner indoor,parents+bros split,
NW-TON-01,base,Nyūtō/Tazawako,nyuto,
NW-TON-01,ny_match,Tsuru-no-yu milky bath in snow,(own text),
NW-TON-01,ny_status,sold out NY,rrrrrrrrr,
NW-TON-02,dates_valid,all window,{},
NW-TON-02,bump_ok,2,2,
NW-TON-02,effort,2,2,
NW-TON-02,uniqueness,4,4,
NW-TON-02,cost_pp_jpy,2500,2500,
NW-TON-02,hours_needed,4,4,
NW-TON-02,booking_lead,stay,null,
NW-TON-02,suits,guests,her+parents+bros+pedro,
NW-TON-02,base,Nyūtō,nyuto,
NW-TON-02,ny_match,Nyūtō onsen-hopping pass,(own text),
NW-TON-02,ny_status,open,ooooooooo,
NW-TON-03,dates_valid,all window (some houses closed),{},
NW-TON-03,bump_ok,5,5,
NW-TON-03,effort,1,1,
NW-TON-03,uniqueness,3,3,
NW-TON-03,cost_pp_jpy,500,500,
NW-TON-03,hours_needed,1.5,1.5,
NW-TON-03,booking_lead,none,0,
NW-TON-03,suits,all,her+parents+bros+pedro,
NW-TON-03,base,Morioka/Tazawako,morioka+nyuto,
NW-TON-03,ny_match,Kakunodate samurai street,(own text),
NW-TON-03,ny_status,partly closed,rrrrrrrrr,
NW-TON-04,dates_valid,~20 Dec–1 Mar (TBC),{},dates: TBC
NW-TON-04,bump_ok,4,4,
NW-TON-04,effort,1,1,
NW-TON-04,uniqueness,5,5,
NW-TON-04,cost_pp_jpy,4000,4000,
NW-TON-04,hours_needed,2,2,
NW-TON-04,booking_lead,2–4 wk,28,
NW-TON-04,suits,all,her+parents+bros+pedro,
NW-TON-04,base,Towada-ko/Hachinohe,towada+hachinohe,
NW-TON-04,ny_match,Frozen Oirase night tour,(own text),
NW-TON-04,ny_status,runs,ooooooooo,
NW-TON-05,dates_valid,all window,{},
NW-TON-05,bump_ok,4,4,
NW-TON-05,effort,1,1,
NW-TON-05,uniqueness,4,4,
NW-TON-05,cost_pp_jpy,32000,32000,
NW-TON-05,hours_needed,overnight,overnight,
NW-TON-05,booking_lead,3–6 mo,180,
NW-TON-05,suits,all,her+parents+bros+pedro,
NW-TON-05,base,Towada,towada,
NW-TON-05,ny_match,Hoshino Oirase Keiryū hotel,(own text),
NW-TON-05,ny_status,premium,ooooooooo,
NW-TON-06,dates_valid,all window,{},
NW-TON-06,bump_ok,5,5,
NW-TON-06,effort,1,1,
NW-TON-06,uniqueness,3,3,
NW-TON-06,cost_pp_jpy,3500,3500,
NW-TON-06,hours_needed,4,4,
NW-TON-06,booking_lead,1 wk,7,
NW-TON-06,suits,all,her+parents+bros+pedro,
NW-TON-06,base,Morioka,morioka,
NW-TON-06,ny_match,Morioka wanko-soba + city,(own text),
NW-TON-06,ny_status,most open,ooooooooo,
NW-TON-07,dates_valid,all window (keep closed),{},
NW-TON-07,bump_ok,5,5,
NW-TON-07,effort,1,1,
NW-TON-07,uniqueness,3,3,
NW-TON-07,cost_pp_jpy,0,0,
NW-TON-07,hours_needed,2,2,
NW-TON-07,booking_lead,none,0,
NW-TON-07,suits,all,her+parents+bros+pedro,
NW-TON-07,base,Hirosaki/Aomori,aomori,
NW-TON-07,ny_match,Hirosaki Castle park & apple pies,(own text),
NW-TON-07,ny_status,open,ooooooooo,
NW-TON-08,dates_valid,not 31 Dec–1 Jan,"{""closed"":[""2026-12-31"",""2027-01-01""]}",
NW-TON-08,bump_ok,5,5,
NW-TON-08,effort,1,1,
NW-TON-08,uniqueness,3,3,
NW-TON-08,cost_pp_jpy,620,620,
NW-TON-08,hours_needed,1,1,
NW-TON-08,booking_lead,none,0,
NW-TON-08,suits,all,her+parents+bros+pedro,
NW-TON-08,base,Aomori,aomori,
NW-TON-08,ny_match,Nebuta Warasse museum,(own text),
NW-TON-08,ny_status,closed 31–1,oooccoooo,
NW-TON-09,dates_valid,all window,{},
NW-TON-09,bump_ok,5,5,
NW-TON-09,effort,1,1,
NW-TON-09,uniqueness,3,3,
NW-TON-09,cost_pp_jpy,3000,3000,
NW-TON-09,hours_needed,2,2,
NW-TON-09,booking_lead,none,0,
NW-TON-09,suits,all,her+parents+bros+pedro,
NW-TON-09,base,Hachinohe,hachinohe,
NW-TON-09,ny_match,Hachinohe yatai alley,(own text),
NW-TON-09,ny_status,open,ooooooooo,
NW-TON-10,dates_valid,all window,{},
NW-TON-10,bump_ok,4,4,
NW-TON-10,effort,1,1,
NW-TON-10,uniqueness,2,2,
NW-TON-10,cost_pp_jpy,0,0,
NW-TON-10,hours_needed,1,1,
NW-TON-10,booking_lead,none,0,
NW-TON-10,suits,all,her+parents+bros+pedro,
NW-TON-10,base,Towada,towada,
NW-TON-10,ny_match,Lake Towada winter shore,(own text),
NW-TON-10,ny_status,open,ooooooooo,
NW-NII-01,dates_valid,~mid/late Dec–May (TBC),{},dates: TBC
NW-NII-01,bump_ok,n/a,1 (alt 4),
NW-NII-01,effort,3,3,
NW-NII-01,uniqueness,3,3,
NW-NII-01,cost_pp_jpy,6500,6500,
NW-NII-01,hours_needed,6,6,
NW-NII-01,booking_lead,none,0,
NW-NII-01,suits,bro/SIL/parents (split),parents+bros split,
NW-NII-01,base,Yuzawa/Tokyo,yuzawa+tokyo,
NW-NII-01,ny_match,GALA Yuzawa ski from shinkansen,(own text),
NW-NII-01,ny_status,"open, busy",ooooooooo,
NW-NII-02,dates_valid,daily,{},
NW-NII-02,bump_ok,5,5,
NW-NII-02,effort,1,1,
NW-NII-02,uniqueness,3,3,
NW-NII-02,cost_pp_jpy,1300,1300,
NW-NII-02,hours_needed,1.5,1.5,
NW-NII-02,booking_lead,none,0,
NW-NII-02,suits,all (partner amazake/bath),her+parents+bros+pedro split,
NW-NII-02,base,Yuzawa,yuzawa,
NW-NII-02,ny_match,Ponshukan sake wall + sake bath,(own text),
NW-NII-02,ny_status,open,ooooooooo,
NW-NII-03,dates_valid,all window,{},
NW-NII-03,bump_ok,2,2,
NW-NII-03,effort,2,2,
NW-NII-03,uniqueness,4,4,
NW-NII-03,cost_pp_jpy,2000,2000,
NW-NII-03,hours_needed,5,5,
NW-NII-03,booking_lead,none,0,
NW-NII-03,suits,fit 4,parents+bros split,
NW-NII-03,base,Yuzawa/Minakami,yuzawa,
NW-NII-03,ny_match,Takaragawa riverside rotenburo,(own text),
NW-NII-03,ny_status,open,ooooooooo,
NW-NII-04,dates_valid,all window,{},
NW-NII-04,bump_ok,5,5,
NW-NII-04,effort,1,1,
NW-NII-04,uniqueness,2,2,
NW-NII-04,cost_pp_jpy,1500,1500,
NW-NII-04,hours_needed,1,1,
NW-NII-04,booking_lead,none,0,
NW-NII-04,suits,all,her+parents+bros+pedro,
NW-NII-04,base,Yuzawa,yuzawa,
NW-NII-04,ny_match,Hegi-soba lunch,(own text),
NW-NII-04,ny_status,open,ooooooooo,
NW-NII-05,dates_valid,—,{},dates: none given
NW-NII-05,bump_ok,2,2,
NW-NII-05,effort,3,3,
NW-NII-05,uniqueness,2,2,
NW-NII-05,cost_pp_jpy,8000,8000,
NW-NII-05,hours_needed,2 days,overnight,
NW-NII-05,booking_lead,1 mo,30,
NW-NII-05,suits,—, split,suits: none given
NW-NII-05,base,Niigata,niigata,
NW-NII-05,ny_match,Sado Island winter (cut),(own text),
NW-NII-05,ny_status,ferries run,uuuuuuuuu,
NW-FUJ-01,dates_valid,all window,{},
NW-FUJ-01,bump_ok,5,5,
NW-FUJ-01,effort,1,1,
NW-FUJ-01,uniqueness,3,3,
NW-FUJ-01,cost_pp_jpy,1000,1000,
NW-FUJ-01,hours_needed,1,1,
NW-FUJ-01,booking_lead,none,0,
NW-FUJ-01,suits,all,her+parents+bros+pedro,
NW-FUJ-01,base,Kawaguchiko,kawaguchiko,
NW-FUJ-01,ny_match,Mt Fuji Panoramic Ropeway,Kawaguchiko Mt Fuji Panoramic Ropeway,
NW-FUJ-01,ny_status,"open, queues",ooooooooo,
NW-FUJ-02,dates_valid,all window,{},
NW-FUJ-02,bump_ok,5,5,
NW-FUJ-02,effort,1,1,
NW-FUJ-02,uniqueness,3,3,
NW-FUJ-02,cost_pp_jpy,300,300,
NW-FUJ-02,hours_needed,1.5,1.5,
NW-FUJ-02,booking_lead,none,0,
NW-FUJ-02,suits,all,her+parents+bros+pedro,
NW-FUJ-02,base,Kawaguchiko,kawaguchiko,
NW-FUJ-02,ny_match,Oshino Hakkai springs,(own text),
NW-FUJ-02,ny_status,"open, busy",ooooooooo,
NW-FUJ-03,dates_valid,all window,{},
NW-FUJ-03,bump_ok,5,5,
NW-FUJ-03,effort,1,1,
NW-FUJ-03,uniqueness,4,4,
NW-FUJ-03,cost_pp_jpy,12000,12000,
NW-FUJ-03,hours_needed,overnight,overnight,
NW-FUJ-03,booking_lead,6+ mo,180,
NW-FUJ-03,suits,all,her+parents+bros+pedro,
NW-FUJ-03,base,Kawaguchiko,kawaguchiko,
NW-FUJ-03,ny_match,Fuji-view holiday house for 6,Kawaguchiko Mt Fuji Panoramic Ropeway / Fuji-Q Highland,ambiguous closures match — add alias
NW-FUJ-03,ny_match,Fuji-view holiday house for 6,(own text),
NW-FUJ-03,ny_status,tight,rrrrrrrrr,
NW-FUJ-04,dates_valid,all window,{},
NW-FUJ-04,bump_ok,5,5,
NW-FUJ-04,effort,1,1,
NW-FUJ-04,uniqueness,3,3,
NW-FUJ-04,cost_pp_jpy,0,0,
NW-FUJ-04,hours_needed,2,2,
NW-FUJ-04,booking_lead,none,0,
NW-FUJ-04,suits,all,her+parents+bros+pedro,
NW-FUJ-04,base,Kawaguchiko,kawaguchiko,
NW-FUJ-04,ny_match,Northern-shore lakeside walk,Hakone Pirate Ship (Lake Ashi) / Yufuin — Kinrin Lake,ambiguous closures match — add alias
NW-FUJ-04,ny_match,Northern-shore lakeside walk,(own text),
NW-FUJ-04,ny_status,open,ooooooooo,
NW-FUJ-05,dates_valid,all window,{},
NW-FUJ-05,bump_ok,5,5,
NW-FUJ-05,effort,1,1,
NW-FUJ-05,uniqueness,2,2,
NW-FUJ-05,cost_pp_jpy,1500,1500,
NW-FUJ-05,hours_needed,1,1,
NW-FUJ-05,booking_lead,none,0,
NW-FUJ-05,suits,all,her+parents+bros+pedro,
NW-FUJ-05,base,Kawaguchiko,kawaguchiko,
NW-FUJ-05,ny_match,Hōtō noodle stew,(own text),
NW-FUJ-05,ny_status,open,ooooooooo,
NW-FUJ-06,dates_valid,avoid 2–3 Jan; ropeway maint. mid-Jan–Feb (verify),"{""from"":""2027-01-01""}",dates: verify | dates: verify
NW-FUJ-06,bump_ok,5,5,
NW-FUJ-06,effort,1,1,
NW-FUJ-06,uniqueness,3,3,
NW-FUJ-06,cost_pp_jpy,6100,6100,
NW-FUJ-06,hours_needed,8,8,
NW-FUJ-06,booking_lead,none,0,
NW-FUJ-06,suits,all,her+parents+bros+pedro,
NW-FUJ-06,base,Hakone-Yumoto,hakone,
NW-FUJ-06,ny_match,Hakone loop (ropeway etc.),Hakone Ropeway,
NW-FUJ-06,ny_status,very busy; Ekiden 2–3 Jan,ccccooooo,
NW-FUJ-07,dates_valid,daily,{},
NW-FUJ-07,bump_ok,4,4,
NW-FUJ-07,effort,2,2,
NW-FUJ-07,uniqueness,3,3,
NW-FUJ-07,cost_pp_jpy,2000,2000,
NW-FUJ-07,hours_needed,2,2,
NW-FUJ-07,booking_lead,none,0,
NW-FUJ-07,suits,all,her+parents+bros+pedro,
NW-FUJ-07,base,Hakone,hakone,
NW-FUJ-07,ny_match,Hakone Open-Air Museum,(own text),
NW-FUJ-07,ny_status,open,ooooooooo,
NW-FUJ-08,dates_valid,all window,{},
NW-FUJ-08,bump_ok,5,5,
NW-FUJ-08,effort,1,1,
NW-FUJ-08,uniqueness,3,3,
NW-FUJ-08,cost_pp_jpy,0,0,
NW-FUJ-08,hours_needed,1.5,1.5,
NW-FUJ-08,booking_lead,none,0,
NW-FUJ-08,suits,all,her+parents+bros+pedro,
NW-FUJ-08,base,Kawaguchiko,kawaguchiko,
NW-FUJ-08,ny_match,Yamanakako dawn Fuji (Diamond Fuji Feb — out),Kawaguchiko Mt Fuji Panoramic Ropeway / Fuji-Q Highland,ambiguous closures match — add alias
NW-FUJ-08,ny_match,Yamanakako dawn Fuji (Diamond Fuji Feb — out),(own text),
NW-FUJ-08,ny_status,open,ooooooooo,
NW-FUJ-09,dates_valid,25 Dec only,"{""only"":[""2026-12-25""]}",
NW-FUJ-09,bump_ok,5,5,
NW-FUJ-09,effort,1,1,
NW-FUJ-09,uniqueness,3,3,
NW-FUJ-09,cost_pp_jpy,0,0,
NW-FUJ-09,hours_needed,1,1,
NW-FUJ-09,booking_lead,hotel 3 mo,90,
NW-FUJ-09,suits,all,her+parents+bros+pedro,
NW-FUJ-09,base,Atami,atami,
NW-FUJ-09,ny_match,Atami fireworks 25 Dec 2026,(own text),
NW-FUJ-09,ny_status,n/a,ccccccccc,
NW-FUJ-10,dates_valid,all window (MOA closed Thu),"{""weekdays"":[0,1,2,3,5,6]}",
NW-FUJ-10,bump_ok,5,5,
NW-FUJ-10,effort,1,1,
NW-FUJ-10,uniqueness,3,3,
NW-FUJ-10,cost_pp_jpy,1600,1600,
NW-FUJ-10,hours_needed,4,4,
NW-FUJ-10,booking_lead,none,0,
NW-FUJ-10,suits,all,her+parents+bros+pedro,
NW-FUJ-10,base,Atami,atami,
NW-FUJ-10,ny_match,MOA Museum + Atami seafront,(own text),
NW-FUJ-10,ny_status,open,ooocooooo,
NW-FUJ-11,dates_valid,all window,{},
NW-FUJ-11,bump_ok,4,4,
NW-FUJ-11,effort,1,1,
NW-FUJ-11,uniqueness,3,3,
NW-FUJ-11,cost_pp_jpy,0,0,
NW-FUJ-11,hours_needed,2,2,
NW-FUJ-11,booking_lead,ryokan 3 mo,90,
NW-FUJ-11,suits,all,her+parents+bros+pedro,
NW-FUJ-11,base,Shuzenji,atami,
NW-FUJ-11,ny_match,Shuzenji bamboo path & temple,(own text),
NW-FUJ-11,ny_status,open,ooooooooo,
NW-FUJ-12,dates_valid,—,{},dates: none given
NW-FUJ-12,bump_ok,4,4,
NW-FUJ-12,effort,1,1,
NW-FUJ-12,uniqueness,2,2,
NW-FUJ-12,cost_pp_jpy,0,0,
NW-FUJ-12,hours_needed,day,8,
NW-FUJ-12,booking_lead,—,null,
NW-FUJ-12,suits,—, split,suits: none given
NW-FUJ-12,base,Shimoda,atami,
NW-FUJ-12,ny_match,Shimoda (cut),(own text),
NW-FUJ-12,ny_status,open,ooooooooo,
KS-01,dates_valid,31 Dec,"{""only"":[""2026-12-31""]}",
KS-01,bump_ok,2,2,
KS-01,effort,3,3,
KS-01,uniqueness,5,5,
KS-01,cost_pp_jpy,0,0,
KS-01,hours_needed,3–4,4,
KS-01,booking_lead,none,0,
KS-01,suits,fit four,parents+bros split,
KS-01,base,Kyoto,kyoto,
KS-01,ny_match,Chion-in Joya-no-Kane,Chion-in,
KS-01,ny_status,event,ccceccccc,
KS-02,dates_valid,31 Dec–1 Jan,"{""only"":[""2026-12-31"",""2027-01-01""]}",
KS-02,bump_ok,4,4,
KS-02,effort,1,1,
KS-02,uniqueness,5,5,
KS-02,cost_pp_jpy,500,500,
KS-02,hours_needed,1,1,
KS-02,booking_lead,none,0,
KS-02,suits,all,her+parents+bros+pedro,
KS-02,base,Kyoto,kyoto,
KS-02,ny_match,Yasaka Shrine Okera-mairi,(own text),
KS-02,ny_status,event,ccceecccc,
KS-03,dates_valid,1–3 Jan (dawn),"{""only"":[""2027-01-01"",""2027-01-02"",""2027-01-03""]}",
KS-03,bump_ok,2–4,4,
KS-03,effort,2–4,4,
KS-03,uniqueness,4,4,
KS-03,cost_pp_jpy,0,0,
KS-03,hours_needed,1.5–3,3,
KS-03,booking_lead,none,0,
KS-03,suits,all / summit four,her+parents+bros+pedro split,
KS-03,base,Kyoto,kyoto,
KS-03,ny_match,Fushimi Inari New Year,Fushimi Inari Taisha,
KS-03,ny_status,peak crowd,ccccooocc,
KS-04,dates_valid,29–31 Dec,"{""only"":[""2026-12-29"",""2026-12-30"",""2026-12-31""]}",
KS-04,bump_ok,3,3,
KS-04,effort,1,1,
KS-04,uniqueness,3,3,
KS-04,cost_pp_jpy,"3,000",3000,
KS-04,hours_needed,1.5,1.5,
KS-04,booking_lead,none,0,
KS-04,suits,all,her+parents+bros+pedro,
KS-04,base,Kyoto,kyoto,
KS-04,ny_match,Nishiki Market year-end,Nishiki Market,
KS-04,ny_status,open to 31; shut 1–3,coorccccc,
KS-05,dates_valid,any; museum lottery,{},
KS-05,bump_ok,5,5,
KS-05,effort,1,1,
KS-05,uniqueness,3–4,4,
KS-05,cost_pp_jpy,"700 / 3,300",700,
KS-05,hours_needed,4,4,
KS-05,booking_lead,lottery 3 mo,90,
KS-05,suits,all / brother,her+parents+bros+pedro split,
KS-05,base,Kyoto,kyoto,
KS-05,ny_match,Uji Byōdō-in + Nintendo Museum,(own text),
KS-05,ny_status,Byōdō-in open; museum confirm,ooooooooo,
KS-06,dates_valid,any,{},
KS-06,bump_ok,3,3,
KS-06,effort,2,2,
KS-06,uniqueness,4,4,
KS-06,cost_pp_jpy,"1,300",1300,
KS-06,hours_needed,4,4,
KS-06,booking_lead,none,0,
KS-06,suits,all,her+parents+bros+pedro,
KS-06,base,Kyoto,kyoto,
KS-06,ny_match,Ōhara Sanzen-in + Jakkō-in,(own text),
KS-06,ny_status,open,ooooooooo,
KS-07,dates_valid,any,{},
KS-07,bump_ok,1 / 3,1 (alt 3),
KS-07,effort,4,4,
KS-07,uniqueness,3,3,
KS-07,cost_pp_jpy,"2,000",2000,
KS-07,hours_needed,4,4,
KS-07,booking_lead,none,0,
KS-07,suits,fit four,parents+bros split,
KS-07,base,Kyoto,kyoto,
KS-07,ny_match,Kurama–Kibune walk + onsen,(own text),
KS-07,ny_status,temple open; onsen confirm,ooooooooo,
KS-08,dates_valid,1 Jan 0:00–8:00,"{""only"":[""2027-01-01""]}",
KS-08,bump_ok,3 / 5,3 (alt 5),
KS-08,effort,1,1,
KS-08,uniqueness,5,5,
KS-08,cost_pp_jpy,0,0,
KS-08,hours_needed,2,2,
KS-08,booking_lead,none,0,
KS-08,suits,all,her+parents+bros+pedro,
KS-08,base,Kyoto/Nara,kyoto+nara,
KS-08,ny_match,Tōdai-ji New Year opening,Tōdai-ji (Nara),
KS-08,ny_status,event,ccccecccc,
KS-09,dates_valid,any,{},
KS-09,bump_ok,5,5,
KS-09,effort,1,1,
KS-09,uniqueness,3,3,
KS-09,cost_pp_jpy,700,700,
KS-09,hours_needed,3,3,
KS-09,booking_lead,none,0,
KS-09,suits,all,her+parents+bros+pedro,
KS-09,base,Kyoto/Nara,kyoto+nara,
KS-09,ny_match,Nara Park + Kasuga Taisha,Kasuga Taisha,
KS-09,ny_status,open,oooeooooo,
KS-10,dates_valid,any,{},
KS-10,bump_ok,2,2,
KS-10,effort,3,3,
KS-10,uniqueness,2,2,
KS-10,cost_pp_jpy,"1,250",1250,
KS-10,hours_needed,8,8,
KS-10,booking_lead,none,0,
KS-10,suits,parents,parents split,
KS-10,base,Kyoto,kyoto,
KS-10,ny_match,Mt Yoshino winter,(own text),
KS-10,ny_status,ropeway Fri–Mon,ooooooooo,
KS-11,dates_valid,29–31 Dec,"{""only"":[""2026-12-29"",""2026-12-30"",""2026-12-31""]}",
KS-11,bump_ok,3,3,
KS-11,effort,1,1,
KS-11,uniqueness,3,3,
KS-11,cost_pp_jpy,"4,000",4000,
KS-11,hours_needed,3,3,
KS-11,booking_lead,none,0,
KS-11,suits,all,her+parents+bros+pedro,
KS-11,base,Osaka,osaka,
KS-11,ny_match,Kuromon + Dōtonbori,Kuromon Market (Osaka),
KS-11,ny_status,Kuromon 29–31 only,coorccccc,
KS-12,dates_valid,9–11 Jan,"{""only"":[""2027-01-09""]}",
KS-12,bump_ok,2,2,
KS-12,effort,2,2,
KS-12,uniqueness,4,4,
KS-12,cost_pp_jpy,0,0,
KS-12,hours_needed,2,2,
KS-12,booking_lead,none,0,
KS-12,suits,all,her+parents+bros+pedro,
KS-12,base,Osaka,osaka,
KS-12,ny_match,Tōka Ebisu (Imamiya Ebisu),(own text),
KS-12,ny_status,9 Jan only in window,ccccccccc,
KS-13,dates_valid,any,{},
KS-13,bump_ok,5,5,
KS-13,effort,2,2,
KS-13,uniqueness,2,2,
KS-13,cost_pp_jpy,500,500,
KS-13,hours_needed,2.5,2.5,
KS-13,booking_lead,none,0,
KS-13,suits,all,her+parents+bros+pedro,
KS-13,base,Osaka,osaka,
KS-13,ny_match,Minoo Falls walk,(own text),
KS-13,ny_status,open,ooooooooo,
KS-14,dates_valid,31 Dec–1 Jan,"{""only"":[""2026-12-31"",""2027-01-01""]}",
KS-14,bump_ok,1,1,
KS-14,effort,3,3,
KS-14,uniqueness,3,3,
KS-14,cost_pp_jpy,"16,900",16900,
KS-14,hours_needed,overnight,overnight,
KS-14,booking_lead,general sale Oct–Nov,30,
KS-14,suits,brother/SIL,bros split,
KS-14,base,Osaka,osaka,
KS-14,ny_match,USJ NO LIMIT! Countdown,Universal Studios Japan,
KS-14,ny_status,event,ccceecccc,
KS-15,dates_valid,any,{},
KS-15,bump_ok,3,3,
KS-15,effort,2,2,
KS-15,uniqueness,5,5,
KS-15,cost_pp_jpy,"25,000",25000,
KS-15,hours_needed,1 night,overnight,
KS-15,booking_lead,3–4 mo,120,
KS-15,suits,all,her+parents+bros+pedro,
KS-15,base,Kōyasan,koyasan,
KS-15,ny_match,Kōyasan shukubō + Okunoin night,Kōyasan temple lodging (shukubō),
KS-15,ny_status,open,ooooooooo,
KS-16,dates_valid,7 Nov–31 Mar,{},
KS-16,bump_ok,5,5,
KS-16,effort,1,1,
KS-16,uniqueness,5,5,
KS-16,cost_pp_jpy,"45,000",45000,
KS-16,hours_needed,1–2 nights,overnight,
KS-16,booking_lead,3–6 mo,180,
KS-16,suits,all,her+parents+bros+pedro,
KS-16,base,Kinosaki,kinosaki,
KS-16,ny_match,Kinosaki crab + sotoyu,Kinosaki Onsen — 7 outer baths,
KS-16,ny_status,"open, premium",ooorroooo,
KS-17,dates_valid,not 29–30 Dec,"{""closed"":[""2026-12-29"",""2026-12-30""]}",
KS-17,bump_ok,3 / 1,3,
KS-17,effort,4,4,
KS-17,uniqueness,4,4,
KS-17,cost_pp_jpy,"1,000",1000,
KS-17,hours_needed,2.5,2.5,
KS-17,booking_lead,none,0,
KS-17,suits,fit four keep,parents+bros split,
KS-17,base,Himeji,himeji,
KS-17,ny_match,Himeji Castle,Himeji Castle,
KS-17,ny_status,closed 29–30 Dec,occoooooo,
KS-18,dates_valid,not 1 Jan,"{""closed"":[""2027-01-01""]}",
KS-18,bump_ok,3,3,
KS-18,effort,2,2,
KS-18,uniqueness,3,3,
KS-18,cost_pp_jpy,800,800,
KS-18,hours_needed,4,4,
KS-18,booking_lead,none,0,
KS-18,suits,all,her+parents+bros+pedro,
KS-18,base,Kobe/Arima,kobe,
KS-18,ny_match,Arima Onsen baths,(own text),
KS-18,ny_status,closed 1 Jan,oooocoooo,
KS-19,dates_valid,not 1–2 Jan,"{""closed"":[""2027-01-01"",""2027-01-02""]}",
KS-19,bump_ok,5,5,
KS-19,effort,1,1,
KS-19,uniqueness,3,3,
KS-19,cost_pp_jpy,"15,000",15000,
KS-19,hours_needed,2,2,
KS-19,booking_lead,2–4 wk,28,
KS-19,suits,all,her+parents+bros+pedro,
KS-19,base,Kobe,kobe,
KS-19,ny_match,Kobe beef dinner,(own text),
KS-19,ny_status,many closed 1–2 Jan,rrrrccrrr,
ST-01,dates_valid,not 1 Jan,"{""closed"":[""2027-01-01""]}",
ST-01,bump_ok,4,4,
ST-01,effort,2,2,
ST-01,uniqueness,5,5,
ST-01,cost_pp_jpy,"7,000",7000,
ST-01,hours_needed,8,8,
ST-01,booking_lead,1–2 mo (Chichu),60,
ST-01,suits,all,her+parents+bros+pedro,
ST-01,base,Okayama/Takamatsu,okayama+takamatsu,
ST-01,ny_match,Naoshima art day,Naoshima — Chichu Art Museum,
ST-01,ny_status,partial 31 Dec; closed 1 Jan,oooucooco,
ST-02,dates_valid,not Tue; not 31 Dec–2 Jan,"{""weekdays"":[0,1,3,4,5,6],""closed"":[""2026-12-31"",""2027-01-01"",""2027-01-02""]}",
ST-02,bump_ok,3,3,
ST-02,effort,2,2,
ST-02,uniqueness,5,5,
ST-02,cost_pp_jpy,"1,570",1570,
ST-02,hours_needed,4,4,
ST-02,booking_lead,1–2 mo,60,
ST-02,suits,all,her+parents+bros+pedro,
ST-02,base,Takamatsu/Naoshima,takamatsu+naoshima,
ST-02,ny_match,Teshima Art Museum,Teshima Art Museum / Yokoo House,
ST-02,ny_status,closed 31 Dec–2 Jan,ococccooc,
ST-03,dates_valid,winter limited,{},
ST-03,bump_ok,2,2,
ST-03,effort,2,2,
ST-03,uniqueness,4,4,
ST-03,cost_pp_jpy,"2,100",2100,
ST-03,hours_needed,4,4,
ST-03,booking_lead,check,null,booking: check | booking: check
ST-03,suits,parents/brother,parents+bros split,
ST-03,base,Naoshima,naoshima,
ST-03,ny_match,Inujima Seirensho,(own text),
ST-03,ny_status,likely closed,ccccccccc,
ST-04,dates_valid,museum not 28–31 Dec,"{""closed"":[""2026-12-28"",""2026-12-29"",""2026-12-30"",""2026-12-31""]}",
ST-04,bump_ok,5,5,
ST-04,effort,1,1,
ST-04,uniqueness,3,3,
ST-04,cost_pp_jpy,"2,000",2000,
ST-04,hours_needed,3,3,
ST-04,booking_lead,none,0,
ST-04,suits,all,her+parents+bros+pedro,
ST-04,base,Okayama,okayama,
ST-04,ny_match,Kurashiki canal + Ōhara Museum,Kurashiki Ōhara Museum,
ST-04,ny_status,museum shut 28–31,ccccroooo,
ST-05,dates_valid,1–3 Jan,"{""only"":[""2027-01-01"",""2027-01-02"",""2027-01-03""]}",
ST-05,bump_ok,5,5,
ST-05,effort,1,1,
ST-05,uniqueness,4,4,
ST-05,cost_pp_jpy,0,0,
ST-05,hours_needed,2,2,
ST-05,booking_lead,none,0,
ST-05,suits,all,her+parents+bros+pedro,
ST-05,base,Okayama,okayama,
ST-05,ny_match,Okayama Kōrakuen NY festival,Okayama Kōrakuen,
ST-05,ny_status,event,cccceoocc,
ST-06,dates_valid,any,{},
ST-06,bump_ok,1,1,
ST-06,effort,4,4,
ST-06,uniqueness,4,4,
ST-06,cost_pp_jpy,"5,000",5000,
ST-06,hours_needed,8,8,
ST-06,booking_lead,2–4 wk,28,
ST-06,suits,fit four,parents+bros split,
ST-06,base,Onomichi,onomichi,
ST-06,ny_match,Shimanami Kaidō ride,(own text),
ST-06,ny_status,rentals open; cafés shut,ooooooooo,
ST-07,dates_valid,any,{},
ST-07,bump_ok,3,3,
ST-07,effort,3,3,
ST-07,uniqueness,3,3,
ST-07,cost_pp_jpy,700,700,
ST-07,hours_needed,3,3,
ST-07,booking_lead,none,0,
ST-07,suits,all,her+parents+bros+pedro,
ST-07,base,Onomichi,onomichi,
ST-07,ny_match,Onomichi temple walk + ropeway,(own text),
ST-07,ny_status,open,ooooooooo,
ST-08,dates_valid,museum not 30–31 Dec,"{""closed"":[""2026-12-30"",""2026-12-31""]}",
ST-08,bump_ok,5,5,
ST-08,effort,1,1,
ST-08,uniqueness,5,5,
ST-08,cost_pp_jpy,200,200,
ST-08,hours_needed,3,3,
ST-08,booking_lead,none,0,
ST-08,suits,all,her+parents+bros+pedro,
ST-08,base,Hiroshima,hiroshima,
ST-08,ny_match,Hiroshima Peace Park + Museum,Hiroshima Peace Memorial Museum,
ST-08,ny_status,closed 30–31 Dec,ooccooooo,
ST-09,dates_valid,any,{},
ST-09,bump_ok,4,4,
ST-09,effort,1 / 4,1 (alt 4),
ST-09,uniqueness,5,5,
ST-09,cost_pp_jpy,"3,500",3500,
ST-09,hours_needed,6,6,
ST-09,booking_lead,ryokan 3–4 mo,120,
ST-09,suits,all / Misen four,her+parents+bros+pedro split,
ST-09,base,Hiroshima,hiroshima,
ST-09,ny_match,Miyajima + oysters,Itsukushima Shrine,
ST-09,ny_status,"open, hatsumode crowd",ooooooooo,
ST-10,dates_valid,any,{},
ST-10,bump_ok,3,3,
ST-10,effort,3,3,
ST-10,uniqueness,3,3,
ST-10,cost_pp_jpy,310,310,
ST-10,hours_needed,1.5,1.5,
ST-10,booking_lead,none,0,
ST-10,suits,all / crossing four,her+parents+bros+pedro split,
ST-10,base,Hiroshima,hiroshima,
ST-10,ny_match,Iwakuni Kintai-kyō,(own text),
ST-10,ny_status,open,ooooooooo,
ST-11,dates_valid,any,{},
ST-11,bump_ok,4,4,
ST-11,effort,1,1,
ST-11,uniqueness,4,4,
ST-11,cost_pp_jpy,"1,500",1500,
ST-11,hours_needed,4,4,
ST-11,booking_lead,1 mo private rooms,30,
ST-11,suits,all,her+parents+bros+pedro,
ST-11,base,Matsuyama,matsuyama,
ST-11,ny_match,Dōgo Onsen Honkan,(own text),
ST-11,ny_status,open,ooooooooo,
ST-12,dates_valid,any; free 1 Jan,"{""only"":[""2027-01-01""]}",
ST-12,bump_ok,5,5,
ST-12,effort,1,1,
ST-12,uniqueness,3,3,
ST-12,cost_pp_jpy,410,410,
ST-12,hours_needed,2.5,2.5,
ST-12,booking_lead,none,0,
ST-12,suits,all,her+parents+bros+pedro,
ST-12,base,Takamatsu,takamatsu,
ST-12,ny_match,Ritsurin Garden NY + udon,(own text),
ST-12,ny_status,open,ccccecccc,
ST-13,dates_valid,any,{},
ST-13,bump_ok,1 / 3,1 (alt 3),
ST-13,effort,4,4,
ST-13,uniqueness,3,3,
ST-13,cost_pp_jpy,0,0,
ST-13,hours_needed,4,4,
ST-13,booking_lead,none,0,
ST-13,suits,fit four,parents+bros split,
ST-13,base,Takamatsu,takamatsu,
ST-13,ny_match,Kotohira Kompira-san,(own text),
ST-13,ny_status,"open, crowded",ooooooooo,
KY-01,dates_valid,any (patchy 31–1),{},
KY-01,bump_ok,4,4,
KY-01,effort,1,1,
KY-01,uniqueness,4,4,
KY-01,cost_pp_jpy,"4,000",4000,
KY-01,hours_needed,2,2,
KY-01,booking_lead,none,0,
KY-01,suits,all,her+parents+bros+pedro,
KY-01,base,Fukuoka,fukuoka,
KY-01,ny_match,Fukuoka yatai crawl,Fukuoka yatai (Nakasu / Tenjin / Nagahama),
KY-01,ny_status,patchy 31 Dec–1 Jan,ooorcrroo,
KY-02,dates_valid,31 Dec or 4–5 Jan best,"{""only"":[""2026-12-31"",""2027-01-04"",""2027-01-05""]}",
KY-02,bump_ok,2 / 5,2 (alt 5),
KY-02,effort,1,1,
KY-02,uniqueness,4,4,
KY-02,cost_pp_jpy,0,0,
KY-02,hours_needed,2.5,2.5,
KY-02,booking_lead,none,0,
KY-02,suits,all,her+parents+bros+pedro,
KY-02,base,Fukuoka,fukuoka,
KY-02,ny_match,Dazaifu Tenmangu NY,Dazaifu Tenmangu,
KY-02,ny_status,2 M crowd 1–3 Jan,cccocccoo,
KY-03,dates_valid,any,{},
KY-03,bump_ok,5,5,
KY-03,effort,1,1,
KY-03,uniqueness,4,4,
KY-03,cost_pp_jpy,"45,000",45000,
KY-03,hours_needed,1 night,overnight,
KY-03,booking_lead,train 1 mo; ryokan 3–4 mo,120,
KY-03,suits,all,her+parents+bros+pedro,
KY-03,base,Yufuin,yufuin,
KY-03,ny_match,Yufuin via Yufuin no Mori,Yufuin — Kinrin Lake,
KY-03,ny_status,"open, premium",ooooooooo,
KY-04,dates_valid,any,{},
KY-04,bump_ok,4,4,
KY-04,effort,1,1,
KY-04,uniqueness,3,3,
KY-04,cost_pp_jpy,"3,900",3900,
KY-04,hours_needed,4,4,
KY-04,booking_lead,none,0,
KY-04,suits,all,her+parents+bros+pedro,
KY-04,base,Beppu/Yufuin,beppu+yufuin,
KY-04,ny_match,Beppu Jigoku Meguri,Beppu Hells (Jigoku Meguri),
KY-04,ny_status,open,ooooooooo,
KY-05,dates_valid,~20 Dec–31 Mar,{},
KY-05,bump_ok,3,3,
KY-05,effort,2,2,
KY-05,uniqueness,5,5,
KY-05,cost_pp_jpy,"40,000",40000,
KY-05,hours_needed,1 night,overnight,
KY-05,booking_lead,3–4 mo,120,
KY-05,suits,all,her+parents+bros+pedro,
KY-05,base,Kurokawa,kurokawa,
KY-05,ny_match,Kurokawa Onsen + Yu Akari,Kurokawa Onsen (nyūtō-tegata bath-hopping),
KY-05,ny_status,open,ooorrrooo,
KY-06,dates_valid,Saturdays mid-Nov–early Feb,"{""weekdays"":[6]}",
KY-06,bump_ok,2 / 4,2 (alt 4),
KY-06,effort,3,3,
KY-06,uniqueness,5,5,
KY-06,cost_pp_jpy,"3,000",3000,
KY-06,hours_needed,overnight,overnight,
KY-06,booking_lead,2–3 mo lodging,90,
KY-06,suits,fit four / partner shrine show,parents+bros split,
KY-06,base,Takachiho,takachiho,
KY-06,ny_match,Takachiho village Yokagura,(own text),
KY-06,ny_status,shrine show off 31–1,cccccuccc,
KY-07,dates_valid,any (weather),{},
KY-07,bump_ok,3,3,
KY-07,effort,2,2,
KY-07,uniqueness,4,4,
KY-07,cost_pp_jpy,"1,500",1500,
KY-07,hours_needed,2,2,
KY-07,booking_lead,same day,0,
KY-07,suits,all,her+parents+bros+pedro,
KY-07,base,Takachiho,takachiho,
KY-07,ny_match,Takachiho Gorge boat,(own text),
KY-07,ny_status,open,ooooooooo,
KY-08,dates_valid,crater closed,{},
KY-08,bump_ok,4,4,
KY-08,effort,1,1,
KY-08,uniqueness,2,2,
KY-08,cost_pp_jpy,"1,100",1100,
KY-08,hours_needed,3,3,
KY-08,booking_lead,none,0,
KY-08,suits,all by car,her+parents+bros+pedro,
KY-08,base,Aso/Kumamoto,kumamoto,
KY-08,ny_match,Aso caldera (no crater),(own text),
KY-08,ny_status,open,ooooooooo,
KY-09,dates_valid,not ~29 Dec,"{""closed"":[""2026-12-29""]}",
KY-09,bump_ok,4,4,
KY-09,effort,2,2,
KY-09,uniqueness,3,3,
KY-09,cost_pp_jpy,800 (0 on 1 Jan),800,
KY-09,hours_needed,2.5,2.5,
KY-09,booking_lead,none,0,
KY-09,suits,all,her+parents+bros+pedro,
KY-09,base,Kumamoto,kumamoto,
KY-09,ny_match,Kumamoto Castle NY opening,Kumamoto Castle,
KY-09,ny_status,open,occceoooo,
KY-10,dates_valid,any,{},
KY-10,bump_ok,4,4,
KY-10,effort,2,2,
KY-10,uniqueness,4,4,
KY-10,cost_pp_jpy,"1,500",1500,
KY-10,hours_needed,8,8,
KY-10,booking_lead,none,0,
KY-10,suits,all,her+parents+bros+pedro,
KY-10,base,Nagasaki,nagasaki,
KY-10,ny_match,Nagasaki city day,Nagasaki — Glover Garden,
KY-10,ny_status,museum shut 29–31,ooooooooo,
KY-11,dates_valid,weather,{},
KY-11,bump_ok,2,2,
KY-11,effort,2,2,
KY-11,uniqueness,4,4,
KY-11,cost_pp_jpy,"4,500",4500,
KY-11,hours_needed,3,3,
KY-11,booking_lead,2–4 wk,28,
KY-11,suits,parents/brother,parents+bros split,
KY-11,base,Nagasaki,nagasaki,
KY-11,ny_match,Hashima cruise,(own text),
KY-11,ny_status,runs; 1-in-3 landing,ooooooooo,
KY-12,dates_valid,any,{},
KY-12,bump_ok,5,5,
KY-12,effort,1,1,
KY-12,uniqueness,4,4,
KY-12,cost_pp_jpy,"1,850",1850,
KY-12,hours_needed,6,6,
KY-12,booking_lead,none,0,
KY-12,suits,all,her+parents+bros+pedro,
KY-12,base,Kagoshima,kagoshima,
KY-12,ny_match,Sakurajima + Sengan-en,Sakurajima ferry,
KY-12,ny_status,open,ooooooooo,
KY-13,dates_valid,any,{},
KY-13,bump_ok,1,1,
KY-13,effort,1,1,
KY-13,uniqueness,4,4,
KY-13,cost_pp_jpy,"1,300",1300,
KY-13,hours_needed,1,1,
KY-13,booking_lead,call ahead,1,
KY-13,suits,"five, NOT partner",parents+bros+pedro split,
KY-13,base,Kagoshima,kagoshima,
KY-13,ny_match,Ibusuki sand bath,(own text),
KY-13,ny_status,open,ooooooooo,
KY-14,dates_valid,Dec–Feb car access,{},
KY-14,bump_ok,2 / 4,2 (alt 4),
KY-14,effort,5 / 3,5,
KY-14,uniqueness,5,5,
KY-14,cost_pp_jpy,"40,000",40000,
KY-14,hours_needed,2–3 nights,overnight,
KY-14,booking_lead,2–3 mo,90,
KY-14,suits,fit four / lower all,her+parents+bros+pedro split,
KY-14,base,Yakushima,yakushima,
KY-14,ny_match,Yakushima Shiratani / Jōmon Sugi,(own text),
KY-14,ny_status,runs; weather,ooooooooo,
TK-01,dates_valid,31 Dec–1 Jan,"{""only"":[""2026-12-31"",""2027-01-01""]}",
TK-01,bump_ok,4,4,
TK-01,effort,1,1,
TK-01,uniqueness,4,4,
TK-01,cost_pp_jpy,0,0,
TK-01,hours_needed,2,2,
TK-01,booking_lead,ringing tickets 1 Dec 09:00,30,
TK-01,suits,all (ringing bros),her+parents+bros+pedro,
TK-01,base,Tokyo,tokyo,
TK-01,ny_match,Zōjō-ji Joya-no-Kane & hatsumōde (31 Dec night),Zōjō-ji,
TK-01,ny_status,event,ccceocccc,
TK-02,dates_valid,1–3 Jan,"{""only"":[""2027-01-01"",""2027-01-02"",""2027-01-03""]}",
TK-02,bump_ok,3,3,
TK-02,effort,1,1,
TK-02,uniqueness,3,3,
TK-02,cost_pp_jpy,0,0,
TK-02,hours_needed,1.5,1.5,
TK-02,booking_lead,none,0,
TK-02,suits,all,her+parents+bros+pedro,
TK-02,base,Tokyo,tokyo,
TK-02,ny_match,Sensō-ji hatsumōde at dawn,Sensō-ji (Asakusa),
TK-02,ny_status,"open, packed",ccccooocc,
TK-03,dates_valid,2 Jan,"{""only"":[""2027-01-02""]}",
TK-03,bump_ok,3,3,
TK-03,effort,2,2,
TK-03,uniqueness,5,5,
TK-03,cost_pp_jpy,0,0,
TK-03,hours_needed,3,3,
TK-03,booking_lead,none,0,
TK-03,suits,all,her+parents+bros+pedro,
TK-03,base,Tokyo,tokyo,
TK-03,ny_match,Imperial Palace New Year greeting (2 Jan),(own text),
TK-03,ny_status,event,ccccceccc,
TK-04,dates_valid,1 Jan,"{""only"":[""2027-01-01""]}",
TK-04,bump_ok,5,5,
TK-04,effort,1,1,
TK-04,uniqueness,4,4,
TK-04,cost_pp_jpy,9000,9000,
TK-04,hours_needed,2,2,
TK-04,booking_lead,online early Dec; sells out in minutes,7,
TK-04,suits,all,her+parents+bros+pedro,
TK-04,base,Tokyo,tokyo,
TK-04,ny_match,Tokyo Skytree first-sunrise opening (1 Jan),Tokyo Skytree,
TK-04,ny_status,event,ccccocccc,
TK-05,dates_valid,2–9 Jan; not 8 Jan,"{""from"":""2027-01-02"",""closed"":[""2027-01-08""]}",
TK-05,bump_ok,5,5,
TK-05,effort,1,1,
TK-05,uniqueness,4,4,
TK-05,cost_pp_jpy,2000,2000,
TK-05,hours_needed,1.5,1.5,
TK-05,booking_lead,day before online (makumi),1,
TK-05,suits,all,her+parents+bros+pedro,
TK-05,base,Tokyo,tokyo,
TK-05,ny_match,Kabuki-za New Year single-act seat,(own text),
TK-05,ny_status,open from 2 Jan,cccccoooo,
TK-06,dates_valid,all window,{},
TK-06,bump_ok,4,4,
TK-06,effort,1,1,
TK-06,uniqueness,3,3,
TK-06,cost_pp_jpy,4200,4200,
TK-06,hours_needed,2,2,
TK-06,booking_lead,3–6 wk timed ticket,42,
TK-06,suits,all,her+parents+bros+pedro,
TK-06,base,Tokyo,tokyo,
TK-06,ny_match,teamLab Planets Toyosu,teamLab Planets (Toyosu),
TK-06,ny_status,open daily; Comiket jams Toyosu 29–31 Dec,ooooooooo,
TK-07,dates_valid,5 Jan,"{""only"":[""2027-01-05""]}",
TK-07,bump_ok,3 / 4,3 (alt 4),
TK-07,effort,2,2,
TK-07,uniqueness,4,4,
TK-07,cost_pp_jpy,0,0,
TK-07,hours_needed,2,2,
TK-07,booking_lead,deck lottery early Dec; 2F window none,30,
TK-07,suits,fit four; partner 2F window,parents+bros split,
TK-07,base,Tokyo,tokyo,
TK-07,ny_match,Toyosu first tuna auction (5 Jan),Toyosu Market (wholesale + Uogashi Yokochō / Senkyaku Banrai),
TK-07,ny_status,event,cccccccce,
TK-08,dates_valid,3–9 Jan,"{""from"":""2027-01-03""}",
TK-08,bump_ok,4,4,
TK-08,effort,1,1,
TK-08,uniqueness,4,4,
TK-08,cost_pp_jpy,1000,1000,
TK-08,hours_needed,2.5,2.5,
TK-08,booking_lead,Jan tickets 10 Dec 10:00 JST,30,
TK-08,suits,all,her+parents+bros+pedro,
TK-08,base,Tokyo,tokyo,
TK-08,ny_match,Ghibli Museum Mitaka,Ghibli Museum (Mitaka),
TK-08,ny_status,closed 27 Dec–2 Jan,ccccccooo,
TK-09,dates_valid,20–25 Dec,"{""to"":""2026-12-25""}",
TK-09,bump_ok,5,5,
TK-09,effort,1,1,
TK-09,uniqueness,3,3,
TK-09,cost_pp_jpy,0,0,
TK-09,hours_needed,2,2,
TK-09,booking_lead,none,0,
TK-09,suits,all,her+parents+bros+pedro,
TK-09,base,Tokyo,tokyo,
TK-09,ny_match,"Tokyo Christmas lights week (Marunouchi, Yebisu, Roppongi)",(own text),
TK-09,ny_status,ends 25 Dec (Marunouchi runs to 14 Feb),ccccccccc,
TK-10,dates_valid,not 1–3 Jan,"{""closed"":[""2027-01-01"",""2027-01-02"",""2027-01-03""]}",
TK-10,bump_ok,4,4,
TK-10,effort,1,1,
TK-10,uniqueness,3,3,
TK-10,cost_pp_jpy,3000,3000,
TK-10,hours_needed,2,2,
TK-10,booking_lead,none,0,
TK-10,suits,all,her+parents+bros+pedro,
TK-10,base,Tokyo,tokyo,
TK-10,ny_match,Tsukiji outer market breakfast,Tsukiji Outer Market,
TK-10,ny_status,closed 1–3 Jan; packed 28–30 Dec,ooorcccro,
TK-11,dates_valid,6 Jan,"{""only"":[""2027-01-06""]}",
TK-11,bump_ok,4,4,
TK-11,effort,2,2,
TK-11,uniqueness,3,3,
TK-11,cost_pp_jpy,0,0,
TK-11,hours_needed,3,3,
TK-11,booking_lead,none (indoor free; outdoor seats lottery closed),0,
TK-11,suits,all,her+parents+bros+pedro,
TK-11,base,Tokyo,tokyo,
TK-11,ny_match,Tokyo Fire Department Dezomeshiki (6 Jan),(own text),
TK-11,ny_status,event,ccccccccc,
TK-12,dates_valid,all window (avoid 1–3 Jan),{},
TK-12,bump_ok,4,4,
TK-12,effort,2,2,
TK-12,uniqueness,3,3,
TK-12,cost_pp_jpy,1500,1500,
TK-12,hours_needed,6,6,
TK-12,booking_lead,none,0,
TK-12,suits,all,her+parents+bros+pedro,
TK-12,base,Kamakura,kamakura,
TK-12,ny_match,Kamakura Daibutsu + Hase-dera + Enoshima,Kamakura Daibutsu (Kōtoku-in),
TK-12,ny_status,open; Hachimangū crush 1–3 Jan,ooooooooo,
TK-13,dates_valid,2–3 Jan,"{""only"":[""2027-01-02"",""2027-01-03""]}",
TK-13,bump_ok,3,3,
TK-13,effort,2,2,
TK-13,uniqueness,4,4,
TK-13,cost_pp_jpy,0,0,
TK-13,hours_needed,2,2,
TK-13,booking_lead,hotel 12 mo,360,
TK-13,suits,all,her+parents+bros+pedro,
TK-13,base,Hakone,hakone,
TK-13,ny_match,Hakone Ekiden roadside at Hakone-Yumoto (2–3 Jan),(own text),
TK-13,ny_status,event,ccccceecc,
TK-14,dates_valid,all window,{},
TK-14,bump_ok,5,5,
TK-14,effort,1,1,
TK-14,uniqueness,2,2,
TK-14,cost_pp_jpy,2300,2300,
TK-14,hours_needed,2,2,
TK-14,booking_lead,none,0,
TK-14,suits,all,her+parents+bros+pedro,
TK-14,base,Tokyo,tokyo,
TK-14,ny_match,Mori Art Museum + City View (open 1 Jan),Mori Art Museum / Tokyo City View (Roppongi Hills),
TK-14,ny_status,open daily incl. 1 Jan,ooooooooo,
